-- MySQL dump 10.13  Distrib 5.6.26, for Win32 (x86)
--
-- Host: localhost    Database: Library
-- ------------------------------------------------------
-- Server version	5.6.26

/*!40101 SET @OLD_CHARACTER_SET_CLIENT=@@CHARACTER_SET_CLIENT */;
/*!40101 SET @OLD_CHARACTER_SET_RESULTS=@@CHARACTER_SET_RESULTS */;
/*!40101 SET @OLD_COLLATION_CONNECTION=@@COLLATION_CONNECTION */;
/*!40101 SET NAMES utf8 */;
/*!40103 SET @OLD_TIME_ZONE=@@TIME_ZONE */;
/*!40103 SET TIME_ZONE='+00:00' */;
/*!40014 SET @OLD_UNIQUE_CHECKS=@@UNIQUE_CHECKS, UNIQUE_CHECKS=0 */;
/*!40014 SET @OLD_FOREIGN_KEY_CHECKS=@@FOREIGN_KEY_CHECKS, FOREIGN_KEY_CHECKS=0 */;
/*!40101 SET @OLD_SQL_MODE=@@SQL_MODE, SQL_MODE='NO_AUTO_VALUE_ON_ZERO' */;
/*!40111 SET @OLD_SQL_NOTES=@@SQL_NOTES, SQL_NOTES=0 */;

--
-- Table structure for table `00EF_Authors`
--
CREATE DATABASE IF NOT EXISTS library_20200422;
USE library_20200422;

DROP TABLE IF EXISTS `00EF_Authors`;
/*!40101 SET @saved_cs_client     = @@character_set_client */;
/*!40101 SET character_set_client = utf8 */;
CREATE TABLE `00EF_Authors` (
  `name` char(255) DEFAULT NULL,
  `middleName` char(255) DEFAULT NULL,
  `surname` char(255) DEFAULT NULL,
  `birthYear` int(11) DEFAULT '0'
) ENGINE=MyISAM DEFAULT CHARSET=utf8;
/*!40101 SET character_set_client = @saved_cs_client */;

--
-- Dumping data for table `00EF_Authors`
--

LOCK TABLES `00EF_Authors` WRITE;
/*!40000 ALTER TABLE `00EF_Authors` DISABLE KEYS */;
INSERT INTO `00EF_Authors` VALUES (NULL,NULL,NULL,9894),(NULL,NULL,NULL,3678),(NULL,NULL,NULL,5836),(NULL,NULL,NULL,1614),(NULL,NULL,NULL,9692),(NULL,NULL,NULL,7014),(NULL,NULL,NULL,7030),(NULL,NULL,NULL,3014),(NULL,NULL,NULL,7436),(NULL,NULL,NULL,3810),(NULL,NULL,NULL,5658),(NULL,NULL,NULL,7692),(NULL,NULL,NULL,9694),(NULL,NULL,NULL,9816),(NULL,NULL,NULL,7210),(NULL,NULL,NULL,1450),(NULL,NULL,NULL,9896),(NULL,NULL,NULL,7092),(NULL,NULL,NULL,7218),(NULL,NULL,NULL,5498),(NULL,NULL,NULL,3634),(NULL,NULL,NULL,5458),(NULL,NULL,NULL,3230),(NULL,NULL,NULL,1636),(NULL,NULL,NULL,3096),(NULL,NULL,NULL,5092),(NULL,NULL,NULL,3896),(NULL,NULL,NULL,9234),(NULL,NULL,NULL,1212),(NULL,NULL,NULL,5836),(NULL,NULL,NULL,1098),(NULL,NULL,NULL,7830);
/*!40000 ALTER TABLE `00EF_Authors` ENABLE KEYS */;
UNLOCK TABLES;

--
-- Table structure for table `00EF_Genres`
--

DROP TABLE IF EXISTS `00EF_Genres`;
/*!40101 SET @saved_cs_client     = @@character_set_client */;
/*!40101 SET character_set_client = utf8 */;
CREATE TABLE `00EF_Genres` (
  `genre` char(255) DEFAULT NULL,
  `description` char(255) DEFAULT NULL
) ENGINE=MyISAM DEFAULT CHARSET=utf8;
/*!40101 SET character_set_client = @saved_cs_client */;

--
-- Dumping data for table `00EF_Genres`
--

LOCK TABLES `00EF_Genres` WRITE;
/*!40000 ALTER TABLE `00EF_Genres` DISABLE KEYS */;
/*!40000 ALTER TABLE `00EF_Genres` ENABLE KEYS */;
UNLOCK TABLES;

--
-- Table structure for table `00EF_loadRawData`
--

DROP TABLE IF EXISTS `00EF_loadRawData`;
/*!40101 SET @saved_cs_client     = @@character_set_client */;
/*!40101 SET character_set_client = utf8 */;
CREATE TABLE `00EF_loadRawData` (
  `id` int(11) NOT NULL AUTO_INCREMENT,
  `book_name` char(255) DEFAULT NULL,
  `authors_name` char(255) DEFAULT NULL,
  KEY `id` (`id`)
) ENGINE=InnoDB AUTO_INCREMENT=2425 DEFAULT CHARSET=utf8;
/*!40101 SET character_set_client = @saved_cs_client */;

--
-- Dumping data for table `00EF_loadRawData`
--

LOCK TABLES `00EF_loadRawData` WRITE;
/*!40000 ALTER TABLE `00EF_loadRawData` DISABLE KEYS */;
INSERT INTO `00EF_loadRawData` VALUES (1,'Čajovna U Oranžové kočky','Eva Lenartová'),(2,'Lexikon populárních omylů','Walter Krämer'),(3,'Biblická abeceda','Kornelis Heiko Miskotte'),(4,'Opravdu opravdu velké otázky o prostoru a čase','Mark Brake'),(5,'Energie sexu','Marcel Vanek'),(6,'Kouzelná píšťalka','Ladislav Daniel, Jiří Žáček'),(7,'YOUCAT - Příprava na biřmování','Bernhard Meuser, Nils Baer'),(8,'Škorpion','Anthony Horowitz'),(9,'Medvědí služba','Milan Kindl'),(10,'Lexikon ohrožených druhů strašidel 1','Vítězslava Klimtová'),(11,'Hrajeme si na sto věcí','Viktor Fischl'),(12,'Úvod do studia jazykovědné germanistiky','Alena Šimečková'),(13,'Skoro jasno','Pavel Karas, Alena Zárybnická, Taťána Míková'),(14,'Hrajeme si s Fimo hmotou','Monika Brýdová'),(15,'Kouzelné Vánoce','Jaroslav Krček, Petr Šulc'),(16,'Hrady, zámky a tvrze','Petr David, Vladimír Soukup'),(17,'Řecká a římská obléhací technika 399 př. n. l. - 363 n. l.','Duncan Campbell'),(18,'Energetická bezpečnost','Kolektiv autorů'),(19,'Do formy za 10 minut: Jóga','Barbara Klein, Robert S. Polster, Christa G. Traczinski, Jutta Shuhn, Michael Sauer'),(20,'Endeavour','Peter Aughton'),(21,'Tiché jezero','Hedwig Courths-Mahler'),(22,'Řecká odysea aneb Slavné báje a recepty','Kolektiv autorů'),(23,'English Listening Exercises II','Jaroslav Kacetl'),(24,'Lexikon ohrožených druhů strašidel lesních, lučních a domácích','Vítězslava Klimtová'),(25,'Inteligence psů','Stanley Coren'),(26,'Medvídek Pú','Alan Alexander Milne'),(27,'Skřek šelmy','Lynn Beach'),(28,'Germinal','Émile Zola'),(29,'Gepard','Giuseppe Tomasi di Lampedusa'),(30,'Gigantické stavby - Jak vznikaly,? Co skrývají?','John Kirwood'),(31,'X Terra Incognita','Stanislava Nopová'),(32,'Opičí tlapka','Tomáš Korbař'),(33,'Yankee z Connecticutu na dvoře krále Artuše','Mark Twain'),(34,'Hrady skutečné a povětrné','Josef Šafařík'),(35,'Medúzin krvavý soud','Edgar Tarbot'),(36,'Skříň','Jan Zbořil'),(37,'Primární Strach','William Diehl'),(38,'Dnes se neproměňuj','Tereza Matoušková'),(39,'Napoleonův kavalerista','Jiří Kovařík'),(40,'Dny pro kočku','Václav Dušek'),(41,'Tichá žena','Monika Zgustová'),(42,'Kouzelné vajíčko','Jarmila Stehlíková'),(43,'Tibetská medicína v praxi - Výživa a zdraví','Vitaly Radnaev'),(44,'Filosofie čísla','Vojtěch Kolman'),(45,'Řecké ostrovy - Společník cestovatele','Marc Dubin'),(46,'Inkvizitor','Bernard Cornwell'),(47,'Tiché lesní jezirko','Adžán Čá'),(48,'Úvod do studia dějepisu','Kolektiv autorů, Miroslav Hroch'),(49,'Zlomek celku','Steve Toltz'),(50,'Tichá noc','Veronica Stallwood'),(51,'Kouzelné hodiny','José J. Veiga'),(52,'Dnes v noci zemřeš','Viveca Sten'),(53,'Filosofie vůle I.','Paul Ricoeur'),(54,'Jezero Manyara','Ladislav Mikeš Pařízek'),(55,'Úvod do problematiky počítačových sítí','Milan Klement'),(56,'Skromné přání','Catharine King'),(57,'Dny narkózy','Stanislav Rudolf'),(58,'Příliš blízko jatek','Charles Bukowski'),(59,'Angličtina pro děti','Autor nezjištěn'),(60,'Zlodějka','Sarah Waters'),(61,'Angličtina se zvířátky','Miroslava Nouzová'),(62,'Zločin v Yorku','Sam Thomas'),(63,'Filozofické základy výchovy','Wolfgang Brezinka'),(64,'Wintrovi','Len Deighton'),(65,'Vánoční variace','Vojtěch Cikrle'),(66,'Příliv smrti','Arthur Conan Doyle'),(67,'Xena č. 3','Robert Trebor, Roy Thomas'),(68,'Příliš svůdná vdova','Liz Carlyle'),(69,'Kouzelná hůlka','Michael Moorcock'),(70,'Zločiny za časů c. k. monarchie','Vladimír Šindelář'),(71,'Gibraltar','Jeremy Johanes'),(72,'Zlomená křídla','Virginia Cleo Andrews'),(73,'Inspirace','Karel Čapek'),(74,'Hrajte to nahlas','Leoš Šedo'),(75,'Angličtina pro pokročilé samouky + 2CD','Ludmila Kollmannová'),(76,'Skotská nevěsta','Bertrice Small'),(77,'Winx Family - Rodinné štěstí','Iginio Straffi'),(78,'Do lesů','Jaromír Zumr'),(79,'Hrajeme si II.','Lucie Víchová'),(80,'Kouzelná zvířátka','Martina Drijverová, Lou Kuenzler'),(81,'Recepty s vůní koření','Marie Malachová'),(82,'Gestapo','Sven Hassel'),(83,'Úvod do psychologie náboženství','Nils G. Holm'),(84,'Jezevčík','Wolfgang Ransleben'),(85,'Canal Grande','Hannu Raittila'),(86,'Wok - špalíček receptů','Siân Davies'),(87,'Hraje František Smolík','František Černý'),(88,'Winx club. Layla má rande','Regina Bizzi'),(89,'Endokrinolog vzpomíná','Otakar Bleha'),(90,'Queen Live','Greg Brooks'),(91,'Řecký zázrak','Vojtěch Zamarovský'),(92,'Xantipa','Maria Regina Kaiser'),(93,'Biblické války','Mordechai Gichon, Chaim Herzog'),(94,'Opiová kultura','Peter Lee'),(95,'WITCH - Dotek hvězdy','Lene Moller Jorgensen'),(96,'Řecké mýty','Robert Graves'),(97,'Medúsa v novější době kamenné','Rudolf Starý'),(98,'Jezevec Fridolín','Hans Fallada'),(99,'Příležitost','Martin Dosoudil'),(100,'Dna Životospráva v klidové fázi onemocnění vhodná i pro diabetiky','Jaroslava Kreuzbergová'),(101,'Kouzelná noc divadla','Václav Tille'),(102,'Úvod do studia koreanistiky','Vladimír Pucek'),(103,'Lexikon ruských avantgard 20. století','Tomáš Glanc'),(104,'Integrace ekonomického vzdělávání','Autor nezjištěn'),(105,'Windows 95','Michal Osif'),(106,'Úvod do logiky aristotelské tradice','Lukáš Novák, Petr Dvořák'),(107,'Filosofie symbolických forem I','Ernst Cassirer'),(108,'Úvod do šamanismu','Thomas Dubios'),(109,'Skotská romance','Katie Fforde'),(110,'Filosofie sklonku antiky a křesťanského středověku','Egon Bondy'),(111,'Winx club. Píseň pro Musu','Regina Bizzi'),(112,'Příliš svůdná kamarádka','Maureen Child'),(113,'Endoprotéza kolenního kloubu','Pavel Vavřík'),(114,'Zloději ostatků','Vlastimil Vondruška'),(115,'Opravdové Lásky','Megan Gressor, Kerry Cook'),(116,'Skřítci školkovníčci','Lenka Rožnovská'),(117,'Winston Churchill','Henry Pelling'),(118,'Energie ve vesmíru i ve službách lidí','Josip Kleczek'),(119,'Medvídek Pú - Dá si někdo mrkvičku?','Walt Disney'),(120,'Hrady, zámky a tvrze v Čechách, na Moravě a ve Slezsku - Západní Čechy','Autor nezjištěn'),(121,'Callahanovo tajemství','Spider Robinson'),(122,'Skotské duchařské historky','James Robertson'),(123,'Wimbledon a světové tenisové legendy','Zdeněk Žofka, Jaroslav Kirchner'),(124,'Gianni Versace - poslední císař módy','Lowri Turner'),(125,'Oplocení - Stavíme','Jan Tůma'),(126,'Inline bruslení','Jiří Kuban, Jiří Kirchner, Oto Louka'),(127,'Xenzala','František Bušek'),(128,'Řeckokatolická církev v českých zemích','Karel Sládek'),(129,'Úvod do myšlení Edmunda Husserla','Rudolf Bernet, Iso Kern, Eduard Marbach'),(130,'Jezdec na Šedobílém koni','Otakar Štěrba, Jaromír Štětina'),(131,'Čachtická paní','Martin Jaroš'),(132,'Tichá čepel','R. A. Salvatore'),(133,'Biggles a jeskyně tisíce Buddhů','William Earl Johns'),(134,'Var Hole','Piers Anthony'),(135,'Kouzelná místa světa','Mary-Ann Gallagher'),(136,'Opravy rodinného domu','Milan Vlček'),(137,'Calico Joe','John Grisham'),(138,'Skříňka s motýlem','Santa Montefiore'),(139,'Lexikon bojových sportů od Aikida k Zenu','Wolfgang Weinmann'),(140,'Lexikon světových náboženství','Christopher Partridge'),(141,'Hrana touhy','Eve Berlin'),(142,'Medvídek Pú - Kolik je hodin?','Walt Disney'),(143,'Medvědi, medvědi, copak nám povědí?','Katja Reider'),(144,'Přílohy s fantazií','Lea Filipová'),(145,'Lexikon psychologie','Milan Nakonečný'),(146,'Jezdci, koně a poníci','Rosie Dickins, Leonie Pratt'),(147,'Caligo','Michal Klimek'),(148,'Wok','Autor nezjištěn'),(149,'Germáni','Malcolm Todd'),(150,'Ježíš','Humphrey Carpenter'),(151,'Insida','S. T. Quincy'),(152,'Dneska jsem to stihla','Hana Pinknerová'),(153,'Recyklovaný muž','Magdaléna Platzová'),(154,'Čakry a meridiány v duchovní léčbě','Horst Krohne'),(155,'Řečnické triky aneb nenechte se ukecat','David Gruber'),(156,'Wolverine','Chris Claremont, Frank Miller'),(157,'Instinkt dravce','Thomas Enger'),(158,'Caesar - život giganta','Adrian Goldsworthy'),(159,'Filosofská historie','Alois Jirásek'),(160,'Lexikon české literatury 4/II (U-Ž)','Luboš Merhaut'),(161,'Medvídek Paddington','Michael Bond'),(162,'Příliš vzdálený svět','Brian W. Aldiss'),(163,'Zlodějka příběhů','Michaela Klevisová'),(164,'Nářek harmoniky','Sergej Jesenin'),(165,'Camille','Pierre Lemaitre'),(166,'Úvod do studia dramatické výchovy','Eva Machková'),(167,'Inteligentní sebeobrana pro ženy','Soňa Pernecká'),(168,'Kouzelná flétna','Martina Skala, Ivona Březinová'),(169,'Energie pro rodinný dům','Petr Velfel'),(170,'Opravník omylů v jazyce českém','Jaroslava Hlavsová'),(171,'Angličtina konverzace','Kolektiv autorů'),(172,'Zloději planet','Dan Krokos'),(173,'Filosofie utěšitelka','Anicius Manlius Torquatus Severinus Boëthius'),(174,'Vánoční pošta','Daniel Hevier'),(175,'Caesar imperátor','Max Gallo'),(176,'Čajovna u malajského medvěda','David Rubín'),(177,'Recepty z komediantského kotlíku aneb Matka představená vaří','Václav Glazar'),(178,'Tiché písky','Michaela Buriánková, Tereza Matoušková, Martin Hanzlík, Martin Maniaque, Jan Frána, Lucie Zavadilová, Klára Kubíčková, Vojtěch Hlavenka, František Niedl, Veronika Mayerová, Hanka Hosnedlová, Jiří Sivok, Vladimír Janda, František Tylšar'),(179,'Lexikón Islámu','Jarmila Drozdíková'),(180,'MySQL5 - Kompletni pruvodce weboveho vyvojare','Michael Kofler'),(181,'Zloděj srdcí','Teresa Medeiros'),(182,'Kousek nebe','Sherryl Woods'),(183,'Přilba hlíny','Jaroslav Seifert'),(184,'Hrál kdosi na hoboj','Karel Hlaváček'),(185,'Zlom života','Piers Paul Read'),(186,'Kouzelné léto','Josef Sekera'),(187,'Caesarův soud','Steven Saylor'),(188,'Kouzelná křída','Zinken Hopp'),(189,'Řecký sňatek','Lynne Graham'),(190,'Vánoční střípky','Autor nezjištěn'),(191,'Tibetské umění správného života','Christopher Hansard'),(192,'Meditace pro začátečníky','Christine Feldman'),(193,'Thyl Ulenspiegel','Grigorij Gorin, Jiří Suchý'),(194,'Angličtina - věty a fráze pro každou situaci','Jiří Olšovský'),(195,'Gilead','Marilynne Robinson'),(196,'Prima sezóna','Josef Škvorecký'),(197,'Jezdci, Žáby','Aristofanes'),(198,'Opozice, moc, společnost 1969-1989','Milan Otáhal'),(199,'Opravy automobilů Škoda Favorit, Forman, Pick-up','Jiří R. Mach'),(200,'Jezdec na delfíně','Autor nezjištěn'),(201,'Angličtina Společenská konverzace','Zuzana Hlavičková'),(202,'Tibetské mistrovské metody','Tarthang Tulku'),(203,'Medvídek Míša','Alena Špačková'),(204,'Narcis','Rudolf Sloboda'),(205,'Wolf','Oldřich Janeba'),(206,'Úvod do sociologie pohlaví a sexuality','Martin Fafejta'),(207,'GI dieta','Rick Gallop'),(208,'Angličtina na rovinu','Darren Crown'),(209,'Úvod do kriminogloie','Jan Tomášek'),(210,'Úvod do pedagogiky osob se sluchovým postižením','Jiří Langer'),(211,'Integrální poznání','Marko Ivan Rupnik, Tomáš Špidlík'),(212,'Do Malströmu','Marc Gascoigne'),(213,'Calcaneal fracture','Jiří Stehlík, Jan Štulík'),(214,'Úvod do studia archeologie','Vladimír Podborský'),(215,'Skříňka s poklady','Milada Šťovíčková, Zdenka Novotná'),(216,'Kouzelné krajky z papíru','Anna Šmalcová'),(217,'Řecko','Dalibor Robi Mahel'),(218,'Angličtina pro děti - zábavné rýmovačky','Henrieta Krejčí'),(219,'Skromný génius','Vadim Sergejevič Šefner'),(220,'Angličtina - Přehledná gramatika','Autor nezjištěn'),(221,'Dno','Václav Vogl'),(222,'Vánoční knížka s obrázkovými magnety','Brenda Apsley'),(223,'XX. Mistrovství světa ve fotbale Brazílie 2014','Kolektiv autorů'),(224,'Encyklopedie vyšívání','Melinda Coss'),(225,'WolframAlpha ve výuce přírodovědných a ekonomických předmětů','Jan Říha'),(226,'Skotský deník','Zdeněk J. Pojman'),(227,'Filosofie přírody u Sv. Tomáše Akvinského','Leo Elders'),(228,'Biggles - bouře nad Německem','William Earl Johns'),(229,'Zloděj duší','Martin Booth'),(230,'Úvod do parapsychologie','Milan Rýzl'),(231,'Naprostá dokonalost zločinu','Tanquy Viel'),(232,'Řecké pohádky, bajky a anekdoty','Autor neznámý'),(233,'Jezdit na tygru','Julius Evola'),(234,'Filosofie tváří v tvář zániku','Milan Machovec'),(235,'Úvod do pedagogiky osob s kombinovaným postižením','Miloň Potměšil'),(236,'Dny strachu','Milan Hes'),(237,'Wok - Asijská kuchyně na každý den','Autor nezjištěn'),(238,'Příliš mnoho štěstí','Alice Munro'),(239,'Úvod do nanovědy a nanotechnologií','Lucie Kolářová'),(240,'Biblické příběhy – Starý zákon','Jana Eislerová'),(241,'Kouzelné spodky','Kjartan Poskitt'),(242,'Jezdci z pastvin','Zane Grey'),(243,'Windows 7 - průvodce začínajícího uživatele','Josef Pecinovský'),(244,'Úvod do logopedie sluchově postižených','Karel Neubauer'),(245,'Windsurfing - Průvodce sportem','Kolektiv autorů'),(246,'Kouzelná duha + CD','Shirley Barber'),(247,'Querelle z Brestu','Jean Genet'),(248,'Gertruda. Malý svět','Hermann Hesse'),(249,'Recepty s vůní bylinek','Karel Šeda'),(250,'Zlomená','Shy Keenan'),(251,'Lexikon malířství a grafiky','Lothar Altmann'),(252,'Yakari a králík Nanabozo','Kateřina Naváková'),(253,'Vánoční stromek','Jennifer Johnston'),(254,'Tibet','Petr Sís'),(255,'Do lavic!','Drahomír Trsťan, Zuzana Pospíšilová'),(256,'Zloděj kufrů','Arnošt Lustig'),(257,'Kouzelná mapa','Colette Baron-Reid'),(258,'Skoro jako manželé','Maureen Child'),(259,'Hrady, zámky a tvrze v Čechách, na Moravě a ve Slezsku - Východní Čechy','Autor nezjištěn'),(260,'Příliš silné pouto','Barbara Taylor Bradford'),(261,'Gertruda a Claudius','John Updike'),(262,'Skotsko','Neil Wilson, Andy Symington'),(263,'Tibetská sága','Lobsang Rampa'),(264,'Zločiny ve státním zájmu','Helga Thoma'),(265,'Řecké matematické texty','Zbyněk Šír'),(266,'Windows XP pro každého','Kolektiv autorů'),(267,'Čaje, které léčí a působí zázraky','Anita Höhne'),(268,'Medvědovi stojí pořád','Michal Babák'),(269,'Čadó - Japonská cesta čaje','Sōshitsu Sen'),(270,'Biggles - zapomenuté příběhy','William Earl Johns'),(271,'X-Wing: Eskadra Rogue','Michael A. Stackpole, Haden Blackman'),(272,'Hrady, zámky a tvrze na starých pohlednicích I.','Ladislav Kurka'),(273,'Školství - věc (ne)veřejná','Karel Černý, David Greger, Martin Chvál, Eliška Walterová'),(274,'Medovníčkovi kamarádi','Jan Lebeda'),(275,'Kouzelné proměny','Lucie Dvořáková'),(276,'Filosofie koček','Vácha Masů'),(277,'Geronimo','Robert J. Conley'),(278,'Georg Friedrich Händel','Christopher Hogwood'),(279,'Thurstonův dům','Danielle Steel'),(280,'Zloděj broskví','Emilijan Stanev'),(281,'Dlužník a jiné povídky z nátačení','Vlado Štancel'),(282,'Kouzelná zvířátka na dobrou noc','Sandra Rigby, Andrew Weale, Marcella Dostálová'),(283,'Enderův stín','Orson Scott Card'),(284,'Recepty ze zvěřiny a ryb','Dáša Ostertágová'),(285,'Energetický program Pěti Tibeťanů','Brigitte Gillessen'),(286,'Xenofobní průvodce - Maďaři (Charakteristika, humor, předsudky)','Miklós Vámos, Mátyás Sárközi'),(287,'Inna Čurikovová','Alla Gerber'),(288,'Řecké magnólie','Lucy Monroe'),(289,'Tichá radost','Honza Volf'),(290,'Vánoční stromeček - postav si svůj model','Autor nezjištěn'),(291,'Opiju tě rohlíkem','Simona Monyová'),(292,'Biggles a tajemný vetřelec','William Earl Johns'),(293,'Lež, která nás rozdělila','Barbara Delinsky'),(294,'Škrábanice','Jaroslav Formánek'),(295,'Medvídek Míša a cesta kolem světa','Katja Reider, Tim Warnes'),(296,'Řecko - Úsvit západní civilizace','Furio Durando'),(297,'Xenogenesis 2: Rituály dospělosti','Octavia E. Butler'),(298,'Příliš dlouhá swingers párty','František Kotleta'),(299,'Lexikon koření','Anne Iburg'),(300,'Biblické pohromy','Helga Lippert, Claudia Moroni'),(301,'Dny po svatbě','Joan Medlicott'),(302,'Angličtina bleskově 4.','Autor nezjištěn'),(303,'Napsali jsme sloh za vás','Stanislav Rudolf'),(304,'Youth / Mládí','Isaac Asimov'),(305,'Vánoční quilling','Gudrun Schmitt'),(306,'Skotačení se zvířátky','Lorella Flamini'),(307,'Wirth versus stát','Petr Ritter'),(308,'Englich fotil, Suchý vzpomíná','Jiří Suchý'),(309,'Skřípote střípků','Tomáš Pektor'),(310,'Hrady, zámky a tvrze Království českého. Díl devátý, Domažlicko a Klatovsko','August Sedláček'),(311,'Opilec a květinářka','Nicolas Werth'),(312,'Café Hyena','Jana Beňová'),(313,'Zlodějka knih','Markus Zusak'),(314,'Lexikon - Grilování','Roger Kimpel'),(315,'Hrajeme si s magnetky - Statek','Axel Scheffler'),(316,'Opravář','Linda Nichols'),(317,'WITCH - Plamen jasu','Maun Magold'),(318,'Williamovo Ex-Casino','Ulrich Becher'),(319,'Nářek mrtvých','James Hillman, Sonu Shamdasani'),(320,'Recepty z babiččiny zahrádky','Klára Trnková'),(321,'Lexikon symbolů','Hans Biedermann'),(322,'Inline bruslení bezpečně','Jiří Procházka'),(323,'Lexikon zakázané archeologie','Luc Bürgin'),(324,'Filosofie 19. a 20. století III.','Wolfgang Röd, Heinrich Schmidinger, Rainer Thurnher'),(325,'Integrovaná přírodověda 1 - 6','Kolektiv autorů'),(326,'Wolfgang Amadeus Mozart v jasu svobodného zednářství','Josef Haubelt'),(327,'Young Indiana Jones a hrobka hrůzy','Les Martin'),(328,'Hrajeme si se zvířaty','Martin Smrček'),(329,'Instrumentář elektroakustického zvuku','Ondřej Urban'),(330,'Jezdci z Arizony','Bob Hurikán'),(331,'Zloděj příběhů','Andrew Pyper'),(332,'Zloději labutí','Elizabeth Kostova'),(333,'Opravdu zdravě','Natasha Corret, Vicki Edgson'),(334,'Winston Churchill','Vladimir G. Truchanovskij'),(335,'Giacomo Myerbeer','Heinz Becker'),(336,'Recepty z jižních Čech','Jana Tetíková'),(337,'Medvědice od Zlatého močálu','Bjørn Rongen'),(338,'Winx club. Stella na módní přehlídce','Regina Bizzi'),(339,'Hrady, zámky a tvrze Království českého. Díl čtrnáctý, Litoměřicko a Žatecko','August Sedláček'),(340,'Lexikon zahradních jezírek','Hacstein Wehmeyer'),(341,'Kouzelná stodola','Irena Ričlová'),(342,'Angličtina do dlaně pro střední školy','Iva Dostálová'),(343,'Filosofie symbolických forem II','Ernst Cassirer'),(344,'Kouzelná země Orplid','Eduard Mörike'),(345,'Školské reformy a tvorba kurikula tělesné výchovy','Petr Vlček, Tomáš Janík'),(346,'Ghana: Volby, politické strany a stranictví','Jan Prouza'),(347,'Camp Rock 1: Zahraj to znovu','Walt Disney'),(348,'Lexikon českého vinařství','Petr Doležal'),(349,'Tiché moře vypráví','Dagmar Bláhová'),(350,'Opráski sčeskí historje – specjál','jaz'),(351,'Tibetské báje o Milarepovi','Marcel Vanek'),(352,'Institucionální podmínky sociální integrace cizinců v ČR I.','Miroslava Rakoczyová, Robert Trbola'),(353,'Yves Saint Laurent','Fiona Levis'),(354,'Germinie Lacerteuxová','Edmond de Goncourt, Jules de Goncourt'),(355,'Institucionální ekonomie','Stefan Voigt'),(356,'Zločinecký podnik','Owen Laukkanen'),(357,'Vánoční knížka','Tereza Říčanová'),(358,'Napoleonská sázka','William R. Forstchen'),(359,'Medvíďata','Jan Machač, Kolektiv autorů, Petra Langrová'),(360,'Skotsko - Top Ten','Alastair Scott'),(361,'Opravník zahrádkářských omylů - Pokojové květiny','Čestmír Böhm'),(362,'Ghetto vyvolenců','Zuzana Maléřová'),(363,'Prila a chřadnoucí víly','Walt Disney'),(364,'DMZ 2: Tělo novináře','Riccardo Burchielli, Brian Wood'),(365,'Úvod do science fiction','Ivan Adamovič'),(366,'Angličtina bez cenzury','Autor nezjištěn'),(367,'Úvod do studia dějepisu a historický proseminář','Jaroslav Vaculík, František Čapka'),(368,'Příliš hořká čokoláda','Zuzana Rampichová'),(369,'Řeči na obranu obrazů','Jan Damašský'),(370,'Hrady, zámky a tvrze Království českého. Díl první, Chrudimsko','August Sedláček'),(371,'Anglie & Wales','Robert Andrews'),(372,'Youcat - Modlitební knížka pro mladé','Georg von Lengerke, Dörte Schrömges'),(373,'Your Space 3','Martyn Hobbs, Julia Starr Keddle'),(374,'Hrajeme karty','Rob Beattie'),(375,'Zloděj času','Tony Hillerman'),(376,'Winton Train','Magdalena Wagnerová, Milan Vodička'),(377,'Jezevec Chrujda točí film','Petr Stančík'),(378,'Narcis a miazma','Alain Corbin'),(379,'Kouzelné soboty','Miloš Kratochvíl'),(380,'Quo vadis, čce?','Elen Plzáková'),(381,'Anglie - Turistický průvodce + DVD','Robert Andrews'),(382,'Germánská mytologie','Libuše Spáčilová, Maria Wolfová'),(383,'Inspektor Fousek na stopě','Hana Lamková'),(384,'Nápravná cvičení II. – SPU','Zuzana Svobodová, Michaela Balogová Suchoňová, Kamila Balharová'),(385,'Gila Paso','G. F. Unger'),(386,'Medvídek Pú - Kouzelné slůvko','Walt Disney'),(387,'Wolverine - Starej dobrej Logan','Mark Millar'),(388,'Englišova šedesátka: Ke dni 17. srpna 1940.','Kolektiv autorů'),(389,'Jezerní lásky','Barbara Delinsky'),(390,'Hrajeme si I.','Lucie Víchová'),(391,'Skromný návrh','Jonathan Swift'),(392,'Meditační průvodce rokem aneb pohledy za roušku viditelné přírody','Karel Funk'),(393,'Vánoční nápady','Vladimíra Pečínková'),(394,'Tibetská a indická skorovegetariánská kuchařka','Olga Šubrtová, Roman Šubrt'),(395,'Úvod do pedagogické antropologie a Axiologie','Stanislava Kučerová'),(396,'Tiché diagnózy','Anton Pavlovič Čechov'),(397,'WinZip, WinRAR a další komprimační programy','Jiří Bráza'),(398,'Kouzelná moc lásky','Hedwig Courths-Mahler'),(399,'Filosofie okultní','Teofrastus Paracelsus'),(400,'Energetická rovnováha organismu','Gennadij Malachov'),(401,'Vánoční ozdoby z drátků a korálků - šikovné ruce','Ivona Šuchmannová'),(402,'Cameronové','G. F. Unger'),(403,'Georgius Josephus Camel','Veronika Syslová'),(404,'Integrující se Evropa a suverenita České republiky','Ondrej Hamuľák'),(405,'Skotačení v pokojíčku','Rebecca Finn'),(406,'Encyklopedie zkamenělin','Martin Ivanov'),(407,'Medonosný marketing','Vladimír Kuchař'),(408,'Ghost - Nova','Keith R. A. DeCandido'),(409,'Winx','Lukáš Mathé'),(410,'Napucánek','Josef Spilka'),(411,'Dnes 13, zítra 30','Christa Roberts'),(412,'Lexikon octů a olejů','Anne Iburg'),(413,'Vánoční zpěv andělů','Kolektiv autorů'),(414,'Řecké divadlo klasické doby','Eva Stehlíková'),(415,'Biggles a Himalája','William Earl Johns'),(416,'Ghúlmošky navždy','Gitty Daneshvari'),(417,'Endorfinový efekt','William Bloom'),(418,'Hrajeme si III.','Lucie Víchová'),(419,'Do čtyř pražských artikulů','František Michálek Bartoš'),(420,'Úvod do permakultury','Bill Mollison'),(421,'Nářek','Maggie Stiefvater'),(422,'Ježek Jožka','Tomáš Vondrovic'),(423,'Enigma - bitva o kód','Hugh Sebag Montefiore'),(424,'Příliš tlustý dobrodruh','Miloslav Švandrlík'),(425,'Callaghanové','G. F. Unger'),(426,'Opilé banány','Petr Šabach'),(427,'C... jako corpus delicti','Sue Grafton'),(428,'Řecké mýty','Lucilla Burn'),(429,'Filosofie o slovech o slovech o médiích','Stanislav Hubík'),(430,'Například jeden život','Ludmila Klukanová'),(431,'Vánoční příběh','Anselm Grün'),(432,'Opraváři pomatených duší','Jana Dohnalová'),(433,'Vánoční dárky','Michal Černík'),(434,'Ticho','Jurij Vasiljevič Bondarev'),(435,'Lexikon zbraně','Autor nezjištěn'),(436,'Tibetský tygr','Gerald Burrard'),(437,'Quo vadis','Henryk Sienkiewicz'),(438,'Kouzelná koloběžka','Svatopluk Hrnčíř, Adolf Born'),(439,'Jezdecká akademie - Dokonalý tým','Lauren Brooke'),(440,'Tichá srdce','Josef Kajetán Tyl'),(441,'Úvod do studia historie','Václav Bůžek'),(442,'Inspektor Ruden vzpomíná','Rudolf Denke'),(443,'Lhala bych Ti?','Cecily von Ziegesar'),(444,'Vánoční zvyky a obyčeje naší babičky','Klára Trnková'),(445,'Kouzelná Diana','Hedwig Courths-Mahler'),(446,'Jezdecký tábor Yonahlossee','Anton Disclafani'),(447,'Jezdectví - velký ilustrovaný průvodce','Moira C. Harris'),(448,'Medulka, pamlsková víla','Daisy Meadows'),(449,'Vánoční korunka Marie Panny Nebeské královny','Běla Schovancová'),(450,'Kouzelná zahrada','Daniel Janů'),(451,'Yankee a rebel','John Kirby'),(452,'Angličtina pro děti','Jana Skácelová, Pavlína Šamalíková'),(453,'Hrajeme si celý den','František Hrubín'),(454,'Kouzelné pohádky','Zdeněk Ertl'),(455,'Tibetské mistrovské metody v práci','Tarthang Tulku'),(456,'Opomíjený klíč','Alice Miller'),(457,'Filosofický slovník','Walter Brugger'),(458,'Ensteinovo řešení světa bez válek','Jiří Vančura'),(459,'Lexikon zemí světa','Pavel Šára'),(460,'Angličtina Tématický slovníček základních slov','Autumn Pierce'),(461,'Jezdec a jeho čest','John Kirby'),(462,'Skotačení na pláži','Rebecca Finn'),(463,'Integrované obvody - 2','Václav Losík'),(464,'Kouzelná věda a Harry Potter','Roger Highfield'),(465,'Úvod do mezinárodních vztahů','Běla Plechanovová'),(466,'Jezírka a fontánky v nádobách','Andrea Christmann'),(467,'Gévaudanské nestvůry aneb zrod bestie','Jay M. Smith'),(468,'Do formy za 10 minut: Pilates','Christa G. Traczinski, Robert S. Polster'),(469,'Filosofie zakázaného vědění','Konrad Paul Liessmann'),(470,'Caesarovy legie','Jiří Kovařík'),(471,'Úvod do sociologického výzkumu','Autor nezjištěn'),(472,'Tichá hrůza','Tomáš Korbař'),(473,'Winx Magic Series 2 - Hvězdná kariéra','Autor nezjištěn'),(474,'Medová dobrodružství','Walt Disney'),(475,'Winoga, poslední Mohykán','Autor nezjištěn'),(476,'Příliš tiché hodiny','Ed McBain'),(477,'Lexikon strašidel','Alois Pavlůsek'),(478,'X-Men: První třída','Jeff Parker'),(479,'Naprogramujte si vlastní hru ve Flashi','Jiří Fotr'),(480,'Primární řasinky','Josef Dvořák'),(481,'Lexikon - Bylinky','Andrea Rausch, Brigitte Lotz'),(482,'Vánoční kouzlo','Jennifer Greene'),(483,'Medvídek Pú - Do teplých krajin','Walt Disney'),(484,'Opilý kocour & potíže se zákonem','Kolektiv autorů'),(485,'WITCH - Studna pána mlh','Cecilie Eken'),(486,'Úvod do Nového zákona','Petr Pokorný, Ulrich Heckel'),(487,'Angry Birds','Autor nezjištěn'),(488,'Germáni mezi Thorsbergem a Ravennou','Friedrich Schlette'),(489,'Filosofické listy','Ladislav Klíma'),(490,'Skřivan a lev','Sandra Paretti'),(491,'Řecké náboženství archaické a klasické doby','Walter Burkert'),(492,'Zloději ikon','Vencislav Diavatov, Milan Milanov'),(493,'Tichá pošta','Miroslav Florian'),(494,'Řecké báje a legendy','Nick Saunders'),(495,'Ježíš','Hans Küng'),(496,'Zločiny z vášně - Velké kriminální případy','Susan Blackhall'),(497,'Dnešní krize česko-slovenských vztahů','Fedor Gál'),(498,'Filosofie 19. století','Emerich Coreth, Peter Ehlen, Josef Schmidt'),(499,'Opravdové štěstí','Martin Seligman'),(500,'Napořád','Alyson Noël'),(501,'Napravené hříchy, Tamařiny sny','Charlene Sands, Anna de Palo'),(502,'Zločinná role gestapa. Nacistická bezpečnostní policie v českých zemích 1938 - 1945.','Oldřich Sládek'),(503,'Lexikon těžkých objektů čs. opevnění z let 1935-38','Kolektiv autorů'),(504,'Angličtina pro začátečníky krokovou metodou s autotesty','Autor neznámý'),(505,'Lexikon mušek','Kolektiv autorů'),(506,'Biblické příběhy','Michael Coleman'),(507,'Integrovaný záchranný systém ČR na počátku 21. století','Miloš Fiala, Josef Vilášek, David Vondrášek'),(508,'Jezero naděje','Dorothy Garlock'),(509,'Řecké báje','Terry Deary'),(510,'Vánoční únos','Anne Eames'),(511,'Wolf Hall','Hilary Mantel'),(512,'Čachtická paní','Jožo Nižnánsky'),(513,'Caesar','Allan Massie'),(514,'Inkvizitor','Siegfried Obermeier'),(515,'Zloděj víry','Richard Doetsch'),(516,'Tichá holka','Torey L. Hayden'),(517,'Big Mac','Serhij Žadan'),(518,'Filosofie a přírodní vědy','Milan Tomáš'),(519,'Angličtina pro nejmenší - S Rexíkem je učení zábava','Lechoslaw Marszalek'),(520,'Lexikon alchymie a hermetických věd','Claus Priesner, Karin Figala'),(521,'Úvod do pedagogického výzkumu','Peter Gavora'),(522,'Instituce Evropské unie a Lisabonská smlouva','Ivo Šlosarčík'),(523,'Integrální antropologie','Martina Cichá'),(524,'Skříňka s démonem','Ken Kesey'),(525,'Angličtina - školní tabulky - přehledné základy gramatiky','Iva Dostálová'),(526,'Prima kamarádi','Günter Heiden'),(527,'Integrace handicapovaných na trhu práce v mezinárodní dimenzi','Miroslava Bartoňová, Marie Vítková, Jarmila Pipeková'),(528,'Biggles a výbuch v Marapangu','William Earl Johns'),(529,'Endoskopické přerušení perforátorů bérce','Lenka Veverková, Jan Wechsler'),(530,'Skoncujte s cukrovkou!','Joel Fuhrman'),(531,'Zlom','Konstantin Biebl'),(532,'Dlouhý, Široký a Bystrozraký','Petr K. Tychtl'),(533,'Inspirace pro váš byt','Holly Becker, Joanna Copestick'),(534,'Jezdec na bílém koni','Theodor Storm'),(535,'Geronimo','Nataša Budačová, Boris Taufer, S. M. Barrett'),(536,'Filosofie vína','Béla Hamvas'),(537,'Recepty z vepřového masa','Pavla Michňová'),(538,'Jezdecká turistika','Karol Hollý'),(539,'Opravy a údržba jízdních kol','Richard Grant, Richard Ballantine'),(540,'Ti nepohřbení','Kristina Haidingerová'),(541,'Filosofie svobodného ducha 1. a 2.','Nikolaj Alexandrovič Berďajev'),(542,'DNA po roce 2012','Peter Ruppel'),(543,'Jezevčík - Jak na to','Leni Fiedelmeier'),(544,'Vánoční kuchařka','Vojtěch Artz'),(545,'Jezdci úsvitu','Louis L´Amour'),(546,'Řecko - stručná historie států','Růžena Dostálová, Pavel Oliva, Vladimír Vavřínek'),(547,'Hrady přechodného typu v Čechách','Tomáš Durdík'),(548,'Vánoční pečivo','Olga Davidová'),(549,'Energie','Josip Kleczek'),(550,'Energie pro všechny buňky','Christian Wilhelm Echter'),(551,'Vánoční ozdoby z korálků','Heidrun Röhr, Hans Röhr'),(552,'Filosofie psaná kurzívou','Josef Šmajs'),(553,'Kouzelná opičí píšťala / Monkey´s Magic Pipes','Pat Thomson'),(554,'Recepty z konopí','Adam Gottlieb'),(555,'Skřítkové a trpaslíci','Tony Wolf'),(556,'Tibetské nebe, peklo, ráj','Richard Erml, Autor neznámý'),(557,'Opravdu mrtev?','Peter James'),(558,'Instituce Evropské unie a Lisabonská smlouva','Kolektiv autorů'),(559,'Příliš brzy dospělá','Zuzana Francková'),(560,'Biggles - před prvním vzletem','William Earl Johns'),(561,'Nářek Slavíka','Simon R. Green'),(562,'Jezírka','Frank Hecker'),(563,'Bigbít','Ondřej Konrád, Vojtěch Lindaur'),(564,'Čaje z bylinek a ovoce','Rudi Beiser'),(565,'Caesar','Colleen McCullough'),(566,'Zlodějka','Nora Roberts'),(567,'Giganti','Ernst Peter'),(568,'Inspirace z korálků','Margot Potterová'),(569,'Opravdové blues','Robert Palmer'),(570,'Gilbarský král','Tomáš Tesarčík'),(571,'Příliš mnoho Kateřin','John Green'),(572,'Gilgameš','Stephan Grundy'),(573,'Skorobajky','Viktor Fischl'),(574,'XML technologie - Principy a aplikace v praxi','Irena Mlýnková, Jaroslav Pokorný, Karel Richta, Kamil Toman, Vojtěch Toman, Martin Nečaský'),(575,'Filosofie svobody','Rudolf Steiner'),(576,'Hrady, zámky a tvrze, které přežily rok 2000 - Jihočeský kraj','Renata Pourová'),(577,'Primáni a primánky','Jaromíra Hüttlová'),(578,'Red Meat 1','Max Cannon'),(579,'Insignie','Peter Taylor'),(580,'Jezero smrti','Václav Kroc'),(581,'Inovativní marketing','Philip Kotler, Fernando Trias de Bes'),(582,'Vánoční kniha','Kolektiv autorů'),(583,'Tibetský buddhismus v Burjatsku','Luboš Bělka'),(584,'WITCH - Ledový květ','Lene Kaaberbøl'),(585,'Zloději dobytka','William Scott'),(586,'Hrajeme si na pohádky','Pavla Šmikmátorová'),(587,'Příliš hlučná samota','Bohumil Hrabal'),(588,'Geriatrie a gerontologie','Zdeněk Kalvach, Zdeněk Zadák, Roman Jirák'),(589,'Ententýky dvě hmoždinky','Karel Šíp'),(590,'Zloděj třešní','Bertolt Brecht'),(591,'Medovníček na cestách','Jan Lebeda'),(592,'Medúza','Radana Šatánková'),(593,'Georges Braque','Alex Danchev'),(594,'Zlodějka snů','Lenka Lanczová'),(595,'Angličtina za 12 hodin - pro ty, kteří se neradi učí','Lucie Poslušná'),(596,'Tichá noc','Mary Higgins Clark'),(597,'Filozofický slovník','Gérard Durozoi, André Roussel'),(598,'Úvod do studia českého jazyka','Josef Hrbáček'),(599,'Náramky přátelství','Elke Eder'),(600,'Hrajeme si s Méďou Packou','Jana Jožinová'),(601,'Skotsko - zapomenutá monarchie','Princ Michael z Albany'),(602,'Caligula ; Stav obležení','Albert Camus'),(603,'Kouzelné autíčko','Ian Fleming'),(604,'Wolker a Bezruč','Jan Antonín Pitínský'),(605,'Úvod do metafyziky','Heinrich Schmidinger'),(606,'Bibliografie československé filmové literatury 1930 - 1945','Luboš Bartošek'),(607,'Příliš mnoho pohřbů aneb Když květiny promluví','Miloň Čepelka'),(608,'Recepty skoro dietní','Jiří Kareš'),(609,'Řecko - Místa a historie','Simonetta Lombardo'),(610,'Vánoční promluvy','Benedikt XVI.'),(611,'Angličtina pro fyzioterapeuty','Helena Gogelová'),(612,'Energie z jógy: energie a síla pro tělo i mysl','Anna Trökes'),(613,'Napoleonovi jezdci','Jiří Kovařík'),(614,'Tibet','Uli Franz'),(615,'Náramnej průšvih','Bohumil Nohejl'),(616,'Čakry I. - nový systém léčby','Cyndi Dale'),(617,'Tibetská přírodní medicína','Boris Tichanovský'),(618,'Jezero Ukereve. Josefina','Vladislav Vančura'),(619,'Instinkt muže','Cait London'),(620,'Zlodějíček z pátých hradeb','Ilka Pacovská'),(621,'Anglie','Terry Deary'),(622,'DMZ5: Skrytá válka','Brian Wood, Riccardo Burchielli'),(623,'Biggles a hrob krále pouště','William Earl Johns'),(624,'Environmentalisté pro jadernou energii','Comby Bruno'),(625,'Bídné roky','Knut Faldbakken'),(626,'Opovrhovaná','Liz Carlyle'),(627,'Xenofobní průvodce - Španělé (Charakteristika, humor, předsudky)','Drew Launay'),(628,'Tiché vítězství','Clay Blair'),(629,'Germánská kniha mrtvých','Holger Kalweit'),(630,'Úvod do studia genologie','Pavel Šidák'),(631,'Napsáno krví','Andrea Kane'),(632,'Dluh','David Graeber'),(633,'Příliv','Robert B. Parker'),(634,'Angličtina - Příprava k testům podle vzdělávacích standardů pro 9. ročník ZŠ','Kolektiv autorů'),(635,'Vánoční manželství','Heather MacAllister'),(636,'Úvod do metodiky historického bádání a nauky o pramenech','Josef Bartoš'),(637,'Filozofie a mystika vína','Jiří Mejstřík'),(638,'Opium','Colin Falconer'),(639,'WITCH - Stín sovy','Lene Kaaberbøl'),(640,'Bigamista','Karel Valášek'),(641,'Tibetské mýty a legendy','Andreas Gruschke'),(642,'Úvod do studia literatury a interpretace díla','Aleš Haman'),(643,'Úvod do sémantiky fikčních světů','Bohumil Fořt'),(644,'Opravdový přítel','Malin Stehn'),(645,'Vánoční seznam','Richard Paul Evans'),(646,'Náramky z korálků','Sabine Koch'),(647,'Řecko','Autor nezjištěn'),(648,'Opilé povídky','A. C. Nor'),(649,'Filozofický depozitář','Reiner Ruffing'),(650,'Enklitika v češtině barokní doby','Pavel Kosek'),(651,'Čaj a jiné texty','Šárka Smazalová'),(652,'Naprosto šílený prázdniny!','Jim Benton'),(653,'Skřivánek z vřesoviště','Hedwig Courths-Mahler'),(654,'Kouzelné origami - Svět papírových zvířátek','Zülal Aytüre-Scheele'),(655,'Dnešek je jistě nesmírný zázrak','Jiří Wolker'),(656,'Windows 95','Josef Steiner, Robert Valentin'),(657,'Filozof a ústřice','James Thurber'),(658,'Úvod do psychologie','Milan Nakonečný'),(659,'Úvod do kognitivní vědy','Paul Thagard'),(660,'Hrady, zámky a tvrze na Ústecku','Jiří Úlovec'),(661,'Inspirace - Diář 2010','Paulo Coelho'),(662,'Méďové 2','Václav Chaloupek, Jaroslav Vogeltanz'),(663,'Kouzelné křeslo je zpátky','Enid Blyton'),(664,'Energie země','Scott Cunningham'),(665,'Skořicové krámy','Bruno Schulz'),(666,'Meditující mysl','Daniel Goleman'),(667,'Angličtina - státní maturita','Autor nezjištěn'),(668,'Lexikon mažoretky','Jaroslav Jelínek, Kateřina Jelínková'),(669,'Řecko v roce 415 př.n.l.','Eric Chaline'),(670,'Skon srdce','Elizabeth Bowen'),(671,'Ghost Rider: Cesta slz','Garth Ennis, Clayton Crain'),(672,'Napoleonův granátník','Jiří Kovařík'),(673,'Řecká filosofie klasického období','Andreas Graeser'),(674,'Narcis a Goldmund','Hermann Hesse'),(675,'Q. E. D.','Burkard Polster'),(676,'Instalatérské práce','Tobias Pehle'),(677,'Qigong cviky pro práci s vnitřní energií 1. díl','Pavel Kala, Zdeněk Kurfürst'),(678,'Napsáno v trenýrkách','Patrik Linhart'),(679,'Medvěd medvědu medvědem aneb zápisky učené expedice polanologické k protikožcům, které sepsal Jiří Plachetka','Jiří Plachetka'),(680,'XSLT 2.0 a SVG prakticky','Pavel Herout'),(681,'Wolf Messing, Stalinův jasnovidec','Topsy Küppers'),(682,'Příliš brzy na snídani','Alexander Tolčinský'),(683,'Medvědi zabijáci','Maurgerite Reiss, Larry Mueller'),(684,'Filosofie pozdní antiky','Arthur Hilary Armstrong'),(685,'Angličtina pro strojírenské obory','Dita Gálová'),(686,'Opravdová láska','Robert Fulghum'),(687,'Prima klima','Vladimír Vondráček'),(688,'Filosofie a politika kýče','Petr Rezek'),(689,'Úvod do studia lékařské etiky a bioetiky','Marta Munzarová'),(690,'Zloději v noci','Arthur Koestler'),(691,'Biggles a bitva o Anglii','William Earl Johns'),(692,'Napoleonovy lásky','Sigrid-Maria Größing'),(693,'Úvod do latinské filosofické terminologie a četby','Karel Floss, Tomáš Nejeschleba'),(694,'Vánoční koledy naší babičky','Klára Trnková'),(695,'Hrajeme si rádi a s vtipem','Joachim Löffel'),(696,'Recepty z farmářského trhu II.','Hanka Michopulu'),(697,'Přímá volba starosty v Českém Pupíkově a jiné povídky','Ivan Fučík'),(698,'Zloděj času','Terry Pratchett'),(699,'WITCH - Zlatý fénix','Lene Kaaberbøl'),(700,'Médium Michaela','Libuše Steckerová'),(701,'Řecké dějiny','Xenofón'),(702,'Dny blízké odpovědi','Vlaďka Vokurková Košková'),(703,'Ježek Pospíchálek a Želva Loudalka','Emilijan Stanev'),(704,'Kouzelné orchideje','Joachim Erfkamp'),(705,'Úvod do psychoterapie','Jan Vymětal'),(706,'Tichá žena','A. S. A. Harrison'),(707,'Tibetské léčení - Moderní bohatství Buddhy medicíny','Peter Fenton'),(708,'Wilma detektivem. Případ zmrzlých srdcí','Emma Kennedy'),(709,'Recepty z hovězího masa','Pavla Michňová'),(710,'Kouzelná lampa','Daniela Fischerová'),(711,'Dny krve a hvězdného třpytu','Laini Taylor'),(712,'Angličtina : konverzace pro pokročilé','Jarmila Fictumová, John Ceccarelli, Tony Long'),(713,'Energetika jídla','Steve Cagne'),(714,'Kouzelná skříň plná oblečků','Autor nezjištěn'),(715,'Příliš mladí na sex ?','Renate Ellinghoven'),(716,'Winx club. Okouzlená Flora','Regina Bizzi'),(717,'Biblio Vampiro','Bob Curran'),(718,'Úvod do sociohistorie','Noiriel Gérard'),(719,'Bicykl - Historie, mýty, posedlost','Francesco Baroni'),(720,'Inteligence - Tvořivá odpověď na přítomnost.','Osho'),(721,'Kouzelné vejce','Pavel Šrut'),(722,'Tiché krutosti lásky','Petr Prouza'),(723,'Čaj s nápadníkem','Mardžán Kamalí'),(724,'Opředeni mocným kouzlem','Jan Beneš'),(725,'Nápravník zažitých nepravd','Václav Junek'),(726,'Úvod do psychiatrie','Milena Zimulová'),(727,'ČADO tajemství čajového obřadu','F. H. Richard'),(728,'Oplať láskou','Antonín Drábek'),(729,'Energie a globální oteplování','Jaroslav Kadrnožka'),(730,'Jezero na Vysočině','Jan Karel Čemus'),(731,'Giacomo Joyce','James Joyce'),(732,'Windows Sysinternals','Matúš Selecký'),(733,'Medvídci na vandru','Carlos Busquets, Marie Duval'),(734,'Tichá dohoda','Elia Kazan'),(735,'Y: Poslední z mužů 4: Heslo','Pia Guerra, Brian K. Vaughan'),(736,'Vánoční snění','Miloš Gerstner'),(737,'Kouzelná píšťalka','Martina Drijverová'),(738,'XY. O mužské identitě','Elisabeth Badinter'),(739,'Windows 95 - nastavení prostředí a práce s registry','Jerry Honeycutt, Paul Cassel, Dylan Tweney, David Warren, Allen Wyatt'),(740,'Caesar','Mirko Jelusich'),(741,'Biggles - Bermudský trojúhelník','William Earl Johns'),(742,'Méďové na cestách - Zima','Václav Chaloupek'),(743,'Jezevčík','Lenka Fairaislová'),(744,'Napoleonovy pyramidy','William Dietrich'),(745,'Opona bez potlesku','Zdeněk Pluhař'),(746,'Ticho','Becca Fitzpatrick'),(747,'Recepty starých mistrů aneb malířské postupy středověku','Barbora Hřebíčková'),(748,'Integrace obsahu vyučování','Alena Rakoušová'),(749,'Hrajeme si s obrázky - Pro nejmenší','Radek Skočný'),(750,'Medvědí vábení','Ondřej Kříženecký'),(751,'Hrana ohně','Stanislav Denk'),(752,'Camel Club','David Baldacci'),(753,'Vánoční sen','Vlasta Pittnerová, Vlasta Javořická'),(754,'Hrajeme si u maminky','Jiřina Rákosníková'),(755,'Xena č. 4','Tom Bierbaum, Mary Bierbaum, Roy Thomas'),(756,'Zlodějka stínů','Kay Hooper'),(757,'Calvin a Hobbes','Bill Watterson'),(758,'Školské zákony a prováděcí předpisy s komentářem','Jiří Valenta'),(759,'Bídníci.cz','Jiří Zídek'),(760,'Xpěvník','Xindl X'),(761,'York','Terry Deary'),(762,'Narativní přístup v práci se subkulturami mládeže','Miroslav Kappl'),(763,'Tibetská léčebná relaxace Kum Nye','Tarthang Tulku'),(764,'Napsáno v kameni II.','Hana Vanická'),(765,'Tibet, Tibet','Patrick French'),(766,'Dluhy lásky','Michal Černík'),(767,'Tiché vody','Viveca Sten'),(768,'Hrajeme si celý rok','Angela Wilkes'),(769,'Enkaustika','Markéta Lukáčová'),(770,'Prima proti sekundě','Vladimír Watzke'),(771,'Filosofie smíru aneb o nápravě lidské mysli','Aleš Novák'),(772,'Příliš hlučná samota - komiks','Bohumil Hrabal'),(773,'Bibliografie Boženy Němcové','Miroslav Laiske'),(774,'Vápenka','Thomas Bernhard'),(775,'Gestalt terapie: Vzrušení lidské osobnosti a její růst','Paul Goodman, Raplh F. Hefferline, Frederick Perls'),(776,'Úvod do psychologie','Zdeněk Helus'),(777,'Kouzelná kabelka pro malé víly','Autor nezjištěn'),(778,'Zlomená křídla Samurajů','Robert Mikesh'),(779,'Napříč Amerikou na vysokém kole','Josef Zimovčák, Jarmila Ligasová'),(780,'Lexikon trvalek','Andrea Rausch'),(781,'Xenofobní průvodce - Italové (Charakteristika, humor, předsudky)','Martin Solly'),(782,'Škorpion','Dennis Kane'),(783,'Medvědí král','Jan Suchl'),(784,'Čalouněný nábytek','Helena Prokopová, Vladimír Štork'),(785,'Vánoční loterie','Carol Higgins Clark, Mary Higgins Clark'),(786,'Kouzelná lampa','Ljuba Štíplová'),(787,'Skřeti z podsvětí','Theun de Vries'),(788,'Big Sur','Jack Kerouac'),(789,'Úvod do studia dějin filosofie','Libor Nekvinda'),(790,'Napoleonovi vojevůdci 1809 - 1815','Philip Haythornthwaite'),(791,'Energie těla - Praktické techniky','Rita J. McNamara'),(792,'Řecká filosofie','Pavel Hobza, Martin Zielina'),(793,'Medvídek Pú - Hrajeme si celý rok','Walt Disney'),(794,'Filosofové středověku a renesance','Bertrand Vergely'),(795,'Úvod do studia člověka a civilisace: anthropologie','Edward Burnett Tylor'),(796,'Napříč střechou světa','Peter Hillary, Graeme Dingle'),(797,'Cameronova plavba','Philip McCutchan'),(798,'Úvod do problematiky HIV/AIDS','Dana Strnisková'),(799,'Intence','Oscar Wilde'),(800,'Prima parta','Jana Smetanová'),(801,'Hrajeme a zpíváme písničky o zvířátkách - Piánko','Autor nezjištěn'),(802,'Jezdecká přehlídka','Bonnie Bryant'),(803,'Integrované vzdělávání dětí se zrakovým postižením','Alena Keblová'),(804,'Entasis','Miroslav Fišmeister'),(805,'Příliš vysoké podpatky','Zuzana Rampichová'),(806,'Kouzelná šunka','Karel Poláček'),(807,'Inteligentní sebeobrana pro každého','Soňa Pernecká, Peter Solnička'),(808,'Vánoční knížka pohádek, pověstí a koled','Linda Jennings'),(809,'Zločiny pro dva','Agatha Christie'),(810,'Skřítek Rozekvítek','Hana Primusová'),(811,'Příklady z evropského práva','Michal Tomášek'),(812,'Skotská whisky','Daniel Lerner'),(813,'Meditace pro každý den','Dalajlama XIV.'),(814,'Hrady a zámky Skotska - Místa a historie','Cristina Gambaro'),(815,'Angličtina pro malé školáky','Gabriel Filcík, Marie Zahálková'),(816,'Medvědi objevují oheň','Terry Bisson'),(817,'Zlodějky vody','Slávka Poberová'),(818,'Lexikon české literatury 2/I (H-J)','Vladimír Forst'),(819,'Zločinci a kavalíři','Petr Šuleř'),(820,'Angličtina - Slovní hry A2 pro mírně pokročilé','Autor nezjištěn'),(821,'Medozvěstka','Richard Crompton'),(822,'Dny posledního sněhu','Jan Costin Wagner'),(823,'Quentin Durward','Walter Scott'),(824,'Lexikon olomouckých ulic','Milan Tichák'),(825,'English for Paramedics. Angličtina pro záchranáře','Irena Baumruková'),(826,'Angličtina pro samouky a jazykové kurzy','Helena Šajgalíková, Mária Šikolová'),(827,'Řeči řeči','T. Coraghessan Boyle'),(828,'Angličtina s básničkou','Zuzana Pospíšilová'),(829,'Hrady, zámky a tvrze Království českého. Díl sedmý, Písecko','August Sedláček'),(830,'Encyklopedie zdravé ženy','Sandhya Pruthi'),(831,'Filosofie umění','Hippolyte Taine'),(832,'Recidiva kolorektálního karcinomu','Ludmila Lipská, Vladimír Visokai'),(833,'Naratologie','Tomáš Kubíček, Jiří Hrabal, Petr A. Bílek'),(834,'Winx Charmix encyklomagie','Kolektiv autorů'),(835,'Napoleonův klan – Rodina ve stínu imperátora','Clemens Amelunxen'),(836,'Zloděj duší','Steve Jackson'),(837,'Lexikon sýrů','Anne Iburg'),(838,'Jezdec bez minulosti','Louis L´Amour'),(839,'Čachtická paní před Božím soudem','Andrej Štiavnický'),(840,'Medvědí bratři','Walt Disney'),(841,'Kouzelná Lucerna; Hledejte bílý Mercedes aneb Zelený Z','Ctirad (Radek) Kučera'),(842,'Medvědi a pandy','Ivan Heráň'),(843,'Filozof a politik T. G. Masaryk 1882-1893','Jaroslav Opat'),(844,'Zloději koní','G. F. Unger'),(845,'Filozofické příběhy','Martin Cohen'),(846,'Zlomená křídla věčného cizince','Nidal Saleh'),(847,'Anglosaský postoj','Angus Frank Johnstone Wilson'),(848,'Opravdové ženy','Susan Doudot'),(849,'Skřítkové a víly v pověstech a na zahradě','Radomil Hradil'),(850,'Nápravná cvičení - SPU','Michaela Balogová Suchoňová, Kamila Balharová, Pavla Bubeníčková'),(851,'Q.','Luther Blissett'),(852,'Řecké ostrovy','Autor nezjištěn'),(853,'Řecká konverzace','Kolektiv autorů'),(854,'Skoro tucet','Pavel Čech'),(855,'Big Data','Kenneth Cukier, Viktor Mayer-Schönberger'),(856,'Insolvence. Ochrana hosInsolvence. Ochrana hospodářské soutěže','Autor nezjištěn'),(857,'Biblická dějeprava pro národní školy','Antonín Špale'),(858,'Náramky přátelství z barevné příze, kůže i lýka','Heidi Grund-Thorpe, Natascha Sanwald'),(859,'Zloděj snů','Otto Janka'),(860,'Insolvenční praxe v České republice v období 2008-2013','Eva Kislingerová, Tomáš Richter, Luboš Smrčka'),(861,'Biblický slovník','Adolf Novotný'),(862,'XML pro každého','Jiří Kosek'),(863,'Opožděný vývoj řeči - Dysfázie','Dana Kutálková'),(864,'Y: Poslední z mužů 2: Cykly','Brian K. Vaughan, Pia Guerra'),(865,'Vánoční nebe','Ruth Langan, Margaret Moore, Paula Marshall'),(866,'Kouzelné městečko','Václav Pavel Borovička'),(867,'Skřítek do bytu nepatří','Zuzana Nováková'),(868,'Opilost z hloubky','Lubomír Martínek'),(869,'Hrady a zámky z výšky','Miroslav Krob, Rudolf Pošva'),(870,'Tiché bouřky','Klára Jarunková'),(871,'Gerontorevmatologie','Jozef Rovenský'),(872,'Enduro a motokros - Jak na to?','F.J. Schermer'),(873,'Tibet: Dějiny a duchovní kultura','Josef Kolmaš'),(874,'Skotačení na statku','Lorella Flamini'),(875,'Wíra w únawu.','Jaromír Typlt'),(876,'Bigamista','Jane Makepeace'),(877,'Nápovědi','Hana Maciuchová'),(878,'Endokrinologie','Michal Kršek'),(879,'Inspirace','Eduard Goldstücker, Robert Kalivoda, Karel Kosík, Milan Kundera, Antonín J. Liehm'),(880,'Hrajeme si s abecedou','Ljuba Štíplová'),(881,'Opravdu opravdu velké otázky o životě, vesmíru a o všem možném','Stephen Law'),(882,'Narcismus - vnitřní žalář','Heinz Peter Röhr'),(883,'Skříp, škráb, píp a žbluňk','Kitty Crowther'),(884,'Georg Letham, lékař a vrah','Ernst Weiss'),(885,'Medová past','Unni Lindell'),(886,'Jezero potáplic','Edgar Lawrence Doctorow'),(887,'Lexikon sportovního tréninku','Jiří Dovalil'),(888,'Hrajeme si s pastelkou 1','Martin Vlach'),(889,'Tibetský lékař kremelských vůdců','Taťjána Grekova'),(890,'Úvod do kognitivní lingvistiky','Monika Schwarzová'),(891,'Narativní psychoterapie','Gene Combs, Jill Freedman'),(892,'Filosofické eseje','Kurt Gödel'),(893,'Angličtina pro provoz hotelů a společného stravování','Josef Pytelka'),(894,'Angličtina pro lékařskou praxi','Jonathan P. Murray'),(895,'Angličtina ihned k použití','Libuše Prokopová, Ludmila Kollmannová, Jarmila Janešová'),(896,'Lexikon těstovin','Birgit Andrich, Tobias Pehle'),(897,'C. k. disident Karel Havlíček','Jiří Morava'),(898,'Lexikon tvrzí československého opevnění z let 1935-1938','Eduard Stehlík'),(899,'Čajová růže','Jennifer Donnelly'),(900,'Lexikon zvířecí magie','Ted Andrews'),(901,'Úvod do politologie','Pavla Dočekalová, Kamil Švec'),(902,'Gepard je nejrychlejší','Jana Moravcová'),(903,'Skřítci','Wil Huygen, Rien Poortvliet'),(904,'Skotsko','Julie Stewart'),(905,'Zloděj mrtvol','Thomas Brezina'),(906,'Tibet','Helmut Uhlig'),(907,'Hrady, zámky a tvrze v Čechách, na Moravě a ve Slezsku - Jižní Čechy','Autor nezjištěn'),(908,'Tibetské zpívající mísy','Eva Rudy Jansen'),(909,'Inovační procesy','Viktorie Klímová'),(910,'Řecký oheň','Nicholas Gage'),(911,'Kouzelná malá Jolly','Frieda Birkner-Mahler'),(912,'Insolvenční právo','Tomáš Richter'),(913,'Recepty z Hané','Jana Tetíková'),(914,'Bicanovo tajemství','Pavel Kovář'),(915,'Filosofie v budoáru','Donatien Alphonse François de Sade'),(916,'Vánoční koťátko','James Herriot'),(917,'Příliš vysoký účet','G. F. Unger'),(918,'Yetti aneb záhada před rozřešením','Jaroslav Mareš'),(919,'Windows 8 - Snadno a rychle','Josef Pecinovský'),(920,'Vánoční zloděj','Carol Higgins Clark, Mary Higgins Clark'),(921,'Yeats je mrtev!','Kolektiv autorů'),(922,'Opium intelektuálů','Raymond Aron'),(923,'Opozice ’68 Sociální demokracie, KAN a K 231 v období Pražského jara','Jiří Hoppe'),(924,'Inspektor West volá na poplach','John Creasey'),(925,'Dni a noci','Jaroslav Vrchlický'),(926,'Encyklopedie: Vojenské zbraně','A. E. Hartink'),(927,'Čaj pro návštěvu','Vladimír Přibský'),(928,'Příležitosti a výzvy environmentálního výzkumu','Bedřich Moldan, Jan Frouz'),(929,'Hrajeme a zpíváme si pro radost','Jan Zima'),(930,'Napůl zlý','Sally Green'),(931,'Bičianka z Doliny','Zuzka Zguriška'),(932,'Biblické postavy','Stephen Moyter'),(933,'Biblické dějiny','Václav Kubíček'),(934,'Bičem a rašplí','Jan Petrmichl'),(935,'Řecká lyrika','Ferdinand Stiebitz'),(936,'Winston Churchill - Fotobiografie','Michael Paterson'),(937,'Lexikon - Šunka, salámy a spol.','Tatjana Wehmeyer'),(938,'Zlomená čepel','Ann Marston'),(939,'Bibliografie Josefa Škvoreckého','Michal Přibáň'),(940,'Příliš pozdě na slzy','Alex McAulay'),(941,'Zločin v zemi pyramid','Juan Zamora'),(942,'Biggles a arabská nafta','William Earl Johns'),(943,'Camp 4: Vzpomínky yosemitského skálolezce','Steve Roper'),(944,'Lexikon zemí','Kolektiv autorů'),(945,'Kouzelná kniha','Filip Murin'),(946,'Tibetská jóga snu a spánku','Wangyal Tändzin'),(947,'Hrajeme si s pohádkou','Jiří Žáček'),(948,'Čaj jako životní styl','Martin Pössl'),(949,'Zlodějka lásky','Věra Řeháčková'),(950,'Germanicus','David Wishart'),(951,'Enneagram - Devět tváří duše','Andreas Ebert, Richard Rohr'),(952,'Školská politika, finance a leadership v ředitelské praxi','Pavel Zeman'),(953,'Ghost Rider: Cesta do zatracení','Clayton Crain, Garth Ennis'),(954,'Prima máma, prima syn – užijem si klukovin','Uschi Dyball'),(955,'Camp Catalina','G. F. Unger'),(956,'Angličtina na každý den','Kolektiv autorů'),(957,'Medonosky','Marta Urbanová'),(958,'Skotsko - Průvodce se skládací mapou','Autor nezjištěn'),(959,'Integrace v jazycích jazyky v integraci','Marie Krčmová'),(960,'Intelektuálové ve středověku','Jacques Le Goff'),(961,'Příliš Štědrý večer','Vratislav Blažek'),(962,'Dny odvahy','Vojtěch Mencl, Oldřich Sládek'),(963,'Biggles a nefritový bůh','William Earl Johns'),(964,'Tiché moře','Jack Du Brul, Clive Cussler'),(965,'Nářek hmyzu','Zdeněk Durek'),(966,'Wolverine a Hulk','Sam Kieth'),(967,'Tichá planeta','Julie Nováková'),(968,'Ježíš','David Flusser'),(969,'Čaj mnoha chutí','Oldřich Dufek'),(970,'Řeckořím','Pavel Petr'),(971,'Čakrová léčba','Keith Sherwood'),(972,'Příliš mnoho konstáblů','Ngaio Marsh'),(973,'Ležáky, 24.června 1942','František Schildberger'),(974,'Lexikon užitkových rostlin','Gunter Steinbach'),(975,'WITCH - Plamen moře','Lene Kaaberbøl'),(976,'Skotsko','Slavomír Kudláček'),(977,'Opři se o mě: Evangelium podle U2','Greg Garrett'),(978,'Tibetské umění pozitivního myšlení','Christopher Hansard'),(979,'Filosofie peněz','Georg Simmel'),(980,'Bibliografie Karla Čapka','Boris Mědílek, Kolektiv autorů'),(981,'Opráski sčeskí historje','jaz'),(982,'Skotačení s mašinkou','Rebecca Finn'),(983,'Skřivánek','Karel Vůjtek'),(984,'Bican - pět tisíc gólů','Josef Pondělík'),(985,'Skříňka s jedy','Brenner Jacques'),(986,'C# programování databází','Jason Price'),(987,'Lexikon keltské mytologie','Sylvia Botheroyod, Paul F. Botheroyd'),(988,'YOUCAT','Rakouská biskupská konference'),(989,'Hrajeme si s dětmi na rodičovské dovolené','Jana Němečková'),(990,'Vánoční hvězdy z korálků','Autor nezjištěn'),(991,'Medovníček a řeka Modrávka','Jan Lebeda'),(992,'Úvod do moderní psychoanalýzy','Jan Poněšický'),(993,'Řecká kuchyně','Autor nezjištěn'),(994,'Inner Game pro golfisty','W. Timothy Gallwey'),(995,'Příliš velké sousto','Meg Cabot'),(996,'Instalatérské práce - Montáž trubek, zabudování zařizovacích předmětů','Kolektiv autorů'),(997,'Camille Corot','Olga Macková'),(998,'Angličtina komplexní rychlokurz pro samouky-začátečníci a středně pokročilí','Kolektiv autorů'),(999,'Úvod do psychopedie','Jana Dlouhá'),(1000,'Vánoční zpověď','Martin Goffa'),(1001,'Biggles a ponorka U-517','William Earl Johns'),(1002,'Gérard Philipe','Gérard Bonal'),(1003,'Úvod do obecné fonetiky','John Maidment, Michael Ashby'),(1004,'Řecké báje 2','Gilly Cameron Cooper, Nick Saunders, James Powell'),(1005,'Zločin z omylu','Ellery Queen'),(1006,'Opožděná láska','Peter Härtling'),(1007,'Příliš krásná dívka','Jan Seghers'),(1008,'Do dna','Michael Thomas'),(1009,'Zloděj, který si myslel, že je Bogart','Lawrence Block'),(1010,'Narativ jako virtuální realita','Marie Laure Ryan'),(1011,'Hrady, zámky a tvrze Království českého. Díl osmý, Rakovnicko a Slansko','August Sedláček'),(1012,'Do bytu psa nechci!','Jarmila Křížová'),(1013,'Kouzelné Vánoce','Radomír Suchánek'),(1014,'Encykopedie koření, bylinek a pochutin','Elisabeth Lambert-Ortiz'),(1015,'Hrajeme si ve školce','Eva Hurdová, Pavel Jurkovič, Edita Plicková, Marie Tetourová'),(1016,'Řecko-český slovník','Václav Prach'),(1017,'Dnes a navždy','Pearl S. Buck'),(1018,'Narativní transformace','Wolf Schmid'),(1019,'Úvod do nauky o historických pramenech','Josef Bartoš'),(1020,'Inovace a znalosti','Eva Grublová'),(1021,'Café Museum','Robert Makłowicz'),(1022,'Ježíš - lékař těla i duše','Elias Vella'),(1023,'Zlomená oběť','John Sandford'),(1024,'Kouzelné křeslo','Enid Blyton'),(1025,'Úvod do památkové péče','Martin Horáček'),(1026,'Do háje s láskou','Carla Bracale'),(1027,'Jezdec z neznáma','Jack Schaefer'),(1028,'Opium','Jean Cocteau'),(1029,'Lexikon českých panovnických dynastií','Jaroslav Čechura, Jiří Mikulec, František Stellner'),(1030,'Medúza','Paul Kemprecos, Clive Cussler'),(1031,'Biggles a čínská puzzle','William Earl Johns'),(1032,'Medvídek','Naděžda Bilincová'),(1033,'Red Meat 2','Max Cannon'),(1034,'Biggles - policejní hlídka','William Earl Johns'),(1035,'Tibet - Místa a historie','Piero Verni'),(1036,'Hrady jihovýchodní Moravy','Jiří Kohoutek'),(1037,'Red Crab Migration','Milan Langer'),(1038,'Institucionální podmínky sociální integrace cizinců v ČR II.','Miroslava Rakoczyová, Robert Trbola'),(1039,'Vaření pro milostná setkání','Nina Herinková'),(1040,'Jezero Naděje','Václav Cibula'),(1041,'Opšlstisova nadace','Stanislav Komárek'),(1042,'Příklady z makroekonomie','Miloš Nový'),(1043,'Angličtina nejen do auta – Cestování a služby','Markéta Galatová, Anna Kronusová'),(1044,'Řecká mytologie pro začátečníky','Joe Lee'),(1045,'Příležitostné rozpravy s matematikou','Petr Vopěnka'),(1046,'Vánoční povídky','Charles Dickens'),(1047,'Skotsko','Ralf Gantzhorn'),(1048,'Lexikon očkování','Jiří Beran, Jiří Havlík'),(1049,'Vanutí','Vladimír Holan'),(1050,'Skřítek Nils','Astrid Lindgren'),(1051,'Úvod do neštěstí','Paul Watzlawick'),(1052,'Xaver má strach','Miloš Jura'),(1053,'Filosofie: svazek 5','Jiří Fuchs'),(1054,'Zločinci','Terry Deary'),(1055,'Vaření pro radost','Kolektiv autorů'),(1056,'Hrady, zámky a tvrze Království českého. Díl desátý, Boleslavsko','August Sedláček'),(1057,'Vánoční skříňka','Richard Paul Evans'),(1058,'Ježipetr','Heinrich Hoffmann'),(1059,'Hrajeme pohádky z celého světa','Eva Cílková'),(1060,'Úvod do kyberpsychologie','Martin Zielina, Jan Šmahaj'),(1061,'Jezírka','Ludmila Klukanová'),(1062,'Angličtina pro au pair','Václav Řeřicha'),(1063,'Lexikon ohrožených druhů strašidel 2','Vítězslava Klimtová'),(1064,'Wilsonov','Michal Hvorecký'),(1065,'Y: Poslední z mužů 8: Dračice v kimonu','Brian K. Vaughan, Pia Guerra'),(1066,'Encyklopedie Zvířata od A do Z','Autor nezjištěn'),(1067,'Tibetský broskvový koláč','Tom Robbins'),(1068,'Dnes vařím já','Šárka Pavličová'),(1069,'Meditační cvičení podle Anthonyho de Mella','Erwin Ingold'),(1070,'Narativní způsoby v české literatuře','Lubomír Doležel'),(1071,'Zločiny z Letné','Jiří Slavíček'),(1072,'Ghana','Vladimír Klíma'),(1073,'Hrady, zámky a tvrze Království českého. Díl šestý, Podbrdsko','August Sedláček'),(1074,'Příležitost dělá lékaře','Jean-Baptiste Poquelin - Molière'),(1075,'Zločiny a tresty středověku','Alena Ovčačíková'),(1076,'Řeči do prázdna','Adolf Loos'),(1077,'Energetický zákon, zákon o podporovaných zdrojích energie, ... ÚZ č.1091','Kolektiv autorů'),(1078,'Angličtina plná her','Jana Hanšpachová, Zuzana Řadová'),(1079,'Filosofie: svazek 3','Jiří Fuchs'),(1080,'Jezdíme pro radost','Christiane Gohl'),(1081,'Filosofie náboženství','Richard Schaeffler'),(1082,'Gérard Philipe','René Mucha'),(1083,'Opiová válka','Rudolf Brunngraber'),(1084,'Angličtina pro sestry','Joy Parkinson'),(1085,'Dny hanby','Philip Shelby'),(1086,'Zloděj těl','William King'),(1087,'Hrajeme si, zpíváme','František Mouryc'),(1088,'Lexikon magie','Milan Nakonečný'),(1089,'Bibliografie Jaroslava Haška','Radko Pytlík, Miroslav Laiske'),(1090,'Vánoční kuchařka','Jozef Štígel'),(1091,'Skřítkové ve Zvonkové zemi','Michal Vaněček, Renata Petříčková'),(1092,'George Washington','Franz Herre'),(1093,'Filosofie jednání','Ondřej Švec'),(1094,'Hrady, zámky a tvrze Klatovska','Jiří Úlovec'),(1095,'Zločiny mezi obrazy','Marie Pospíšilová'),(1096,'Zloděj kostí','Thomas O´Callaghan'),(1097,'Endymion','Dan Simmons'),(1098,'Inteligence propojená v síti','Grazyna Fosar, Franz Bludorf'),(1099,'Gigant se probouzí','William Voltz'),(1100,'Café Szafé','Lukasz Debski'),(1101,'Inkvizitor','Peter Clement'),(1102,'Opravdový gentleman','Bernhart Roetzel'),(1103,'Příliš jednoduchý život','Rosie Thomas'),(1104,'Řeči besední','Tomáš Štítný ze Štítného'),(1105,'Jezdíme ekonomicky','Jan Horníček'),(1106,'Angličtina pro I. ročník středních škol','Anna Janská, Josef Pytelka'),(1107,'Filosofie - Občanský a společenskovědní základ','Jiří Hejduk'),(1108,'Lexikon houbových skřítků','Radomír Socha'),(1109,'Opiová válka 2: Tajemství Letního paláce','José Fréches'),(1110,'Quentin Gentil a mistr úniků','Greg'),(1111,'Hrady řádu německých rytířů 2.','Stephen Turnbull'),(1112,'Lexikon účetních pojmů','Jiří Strouhal, Jiřina Bokšová'),(1113,'Dno jezera','Jiří Koubek'),(1114,'Zloděj životů','John Clare Hendee, Barb Hendee'),(1115,'Kouzelná věda','Richard Robinson'),(1116,'Bibliothéka knihomola - Rukojeť sběratelova.','J. M. Augusta'),(1117,'Lexikon esoteriky','Marc Roberts'),(1118,'Jezdec věstí smrt','Peter Tremayne'),(1119,'Zloděj nebes','Richard Doetsch'),(1120,'Xenofobní průvodce - ČEŠI','Petr Šťastný, Aleš Palán, Petr Berka'),(1121,'Skřítek Křesadýlko a víla Rozárka','Radomír Socha'),(1122,'Zloděj temnoty','Richard Doetsch'),(1123,'Xenofobní průvodce - Američané','Stephanie Faul'),(1124,'Napoleonovo egyptské tajemství','Javier Sierra'),(1125,'Příliš mnoho žen','Rex Stout'),(1126,'Vánoční pohádky a povídky','Jaroslav Olšava'),(1127,'Windowcolor v bytě','Autor nezjištěn'),(1128,'Dnes a pozítří','Patrik Ouředník'),(1129,'Tibetská kniha o životě a smrti','Sogjal Rinpočhe'),(1130,'Anglie hraje venku','John King'),(1131,'Čaje a byliny','Jill Norman'),(1132,'Příliš přešívaná vévodkyně a jiné causerie','Alex Koenigsmark'),(1133,'Windows XP - SaR','Josef Slowík'),(1134,'Biblické obrazy o vykoupení','Anselm Grün'),(1135,'Encyklopedie zahradních rostlin','Angelika Throll-Keller'),(1136,'Ymago de Praga','Jan Klípa'),(1137,'Opozice a odpor proti komunistickému režimu v Československu 1968-1989','Petr Blažek'),(1138,'Encykopedie ptáků chovaných v klecích a voliérách','David Alderton'),(1139,'Energie domu a jak s ní pracovat','Anastasia Semjonova'),(1140,'Napoleonské války a historická paměť','Jiří Malíř, Jiří Hanuš, Lukáš Fasora'),(1141,'Biblická dějeprava','Miloslav Hájek, Viktor Hájek'),(1142,'Tibetiana','Vít Kremlička'),(1143,'Medituj na... 48 obrazových karet','Sri Chinmoy'),(1144,'Skoncovat s krizí','Paul Krugman'),(1145,'Opium a jiné povídky','Mánik Bandjopádhjáj'),(1146,'Ježek','Eva Strittmatter'),(1147,'Vánoční skládanky','Armin Täubner'),(1148,'Čakry','Brenda Rosen'),(1149,'Oprava houslí a kytar','František Listopad'),(1150,'Tichá pošta','Jiří Stránský'),(1151,'Filozofická fakulta Masarykovy univerzity','Jiří Hanuš, Lukáš Fasora'),(1152,'Angličtina pro jazykové školy I.','Till Gottheinerová, Karel Veselý, Miloš Zavadil, Pavla Dlouhá'),(1153,'Skřet a královna','Ed McBain'),(1154,'Méďové na cestách','Václav Chaloupek'),(1155,'Primal Blueprint','Mark Sisson'),(1156,'Hrajeme si a tvoříme s hádankami','Jindřich Balík'),(1157,'Dnes nehlásili žádné popravy','Vlasta Lavalová'),(1158,'Filosofie práva','Pavel Holländer'),(1159,'Angličtina v ekonomii a hospodářství','Libuše Horáková, Miroslav Kaftan'),(1160,'Biggles - Černý kondor','William Earl Johns'),(1161,'Skřipec','A.E. Ellis'),(1162,'Ti, kteří utíkají pěšky','Milan Daněk'),(1163,'Skotsko - Lonely Planet','Kolektiv autorů'),(1164,'George Harrison','Graeme Thomson'),(1165,'Vánoční koledy s nahrávkami a notovým zápisem','Bohumil Polívka'),(1166,'Wir wiederholen fürs Abitur - Maturita z němčiny','Hana Justová'),(1167,'Dny, kdy se hroutil svět','Alex Preston'),(1168,'Napomenutí Pražanům','Řehoř Hrubý z Jelení'),(1169,'Hrady, zámky a tvrze Království českého. Díl třetí, Budějovsko','August Sedláček'),(1170,'Yukon sólo','Karel Dohnal'),(1171,'Nárazová vlna','Clive Cussler'),(1172,'Hrady Václava IV.','František Záruba'),(1173,'Kout na Šumavě','Zdeněk Procházka'),(1174,'Bibliografie k moravským královským městům ve středověku a raném novověku (1990–2010)','Hana Jordánková, Ludmila Sulitková'),(1175,'Geraldova hra','Stephen King'),(1176,'Biblické příběhy','Slavomír Ravik'),(1177,'Škorpilova škola běhu','Miloš Škorpil'),(1178,'Skřítek Bystroušek a jeho lesní přátelé','Carlos Busquets'),(1179,'Hrady, zámky a tvrze Království českého. Díl patnáctý, Kouřimsko, Vltavsko a Jihozápadní Boleslavsko','August Sedláček'),(1180,'Opravdové vítězství','Zuzana Francková'),(1181,'Napospas','Ludvík Kundera'),(1182,'Gestapo - Moc a teror ve třetí říši','Carsten Dams, Michael Stolle'),(1183,'Geometrie nahoty','Pavel Brunclík'),(1184,'Skřítkovy úkoly','Šárka Pavličová'),(1185,'Úvod do metodologie psychologického výzkumu','Ján Ferjenčík'),(1186,'Ententýny','Jan Kameníček'),(1187,'Insolvenční správce','Zuzana Šnoblová, Vítězslav Němčák'),(1188,'Ti, kteří létají','Carola Biedermannová'),(1189,'Inkvizitorova žena','Jeanne Kalogridis'),(1190,'Hrajeme si se zvířátky','Pavel Malčík'),(1191,'Úvod do obecné psychologie','Jan Souček, František Jiránek'),(1192,'Napříč osudu','Denisa Kudláčková'),(1193,'Angličtina hrou 4','Autor nezjištěn'),(1194,'Bída historicismu','Karl Raimund Popper'),(1195,'Jezdci z Grande Ronde','Robert Ormond Case'),(1196,'Jezero duchů','Karen Robards'),(1197,'WITCH - Zelená magie','Lene Kaaberbøl'),(1198,'Medvídek Pú - Kam po dešti mizí louže','Walt Disney'),(1199,'Gibraltar','Vratislav Košťál'),(1200,'Čakry od A do Z','Patricia Mercier'),(1201,'Jezerní růže','František Kožík'),(1202,'Přímá hra','Charles Wilson'),(1203,'Calculus infinitesimalis','Petr Vopěnka'),(1204,'Opiová válka 1: Říše slz','José Fréches'),(1205,'Angličtina pro lékaře','Joy Parkinson'),(1206,'Ježibaby, Pacička a zajíci','Alois Mikulka'),(1207,'Hrajeme si se slovíčky','Jindřiška Ptáčková'),(1208,'Skříňka s líčidly','Adolf Branald'),(1209,'Hrajeme si doma i venku','Angela Wilkes, Susan Adams'),(1210,'Hrajeme si a cvičíme s dětmi','Alena Nevěčná, Jiří Nevěčný'),(1211,'Inspektor French a tragédie ve Starvelu','Freeman Wills Crofts'),(1212,'Lexikon magie a esoteriky','Benedikt Štirský'),(1213,'Napoleonská epocha / L`époque Napoléonienne','Martin Rája, Vladimíra Zichová'),(1214,'Napoleonovi synové','Jadwiga Dackiewicz'),(1215,'Thuvia, dívka z Marsu','Edgar Rice Burroughs'),(1216,'Lexikon nápojů','Miroslava Kelblová'),(1217,'Xibalba','Zbyněk Kučera Holub'),(1218,'Hrajeme si s básničkou','Zuzana Pospíšilová'),(1219,'Wítch-Komiks 25-30','Kolektiv autorů'),(1220,'Hrady na hranici','Kolektiv autorů'),(1221,'Čachtická paní II','Andrász Bartoldy'),(1222,'Enterprise 2 Elementary - Student´s Book','Jenny Dooley'),(1223,'Gerontopedagogika','Pavel Mühlpachr'),(1224,'Medvědí Babi a její kouzelná rodina','Anna Obrová'),(1225,'Energie pro 21. století','Pierre Bacher'),(1226,'Kouzelná historie papírových vystřihovánek','Josef Kropáček'),(1227,'Medovice a včely','Oldřich Haragsim'),(1228,'Encyklopedie železnice - Parní lokomotivy ČSD 1.','Jindřich Bek'),(1229,'Jezírka zahradní - Abeceda akvaristy','Jakub Urbanec'),(1230,'Enkláva','Stanislav Mašek'),(1231,'Tiché labyrinty','Michal Ajvaz'),(1232,'Úvod do multimédií','Stanislav Horný, Kolektiv autorů'),(1233,'Úvod do myslivosti','Vlastimil Hart'),(1234,'Integrace sluchově postiženého dítěte v mateřské a základní škole','Autor nezjištěn'),(1235,'Biggles a tajná základna','William Earl Johns'),(1236,'Příliš mnoho andělů','Zuzana Bočkayová Bruncková, Petr Chudožilov'),(1237,'Čaj - vše o historii čaje','Viola von Wachendorf'),(1238,'Řecko mezi Makedonií a Římem','Pavel Oliva'),(1239,'Kouzelné příběhy Barbie','Mattel'),(1240,'Vánoční verše a koledy','Klára Trnková'),(1241,'Ježek v kleci','Pavel Maurer'),(1242,'Biggles a berlínská mise','William Earl Johns'),(1243,'C#2010','Miroslav Virius'),(1244,'Ticho','David Jan Žák'),(1245,'Narace a (živá) realita','Jan Horský, Juraj Šuch'),(1246,'Hrady Řádu neměckých rytířů','Stephen Turnbull'),(1247,'Řecko - Lonely Planet','Kolektiv autorů'),(1248,'Lexikon andělů','Jeanne Ruland'),(1249,'Kousky kouzelníka Koumesa','Èl’vira Alijevna Arasly'),(1250,'Young Indiana Jones a tajemné město','Les Martin'),(1251,'Ti otravní králíci','Flood Ciara'),(1252,'Café fatal','Josef Kroutvor'),(1253,'Skončeno a podepsáno - Drama Pražského povstání','Zdeněk Roučka'),(1254,'Vaření podle pěti elementů v souladu s ročním obdobím','Roswitha Fehrer'),(1255,'Geriatrická problematika v pastorální péči','Kateřina Brzáková Beksová'),(1256,'Filosofie pro každého','Michael Leunig, Karl Rahner'),(1257,'Opráski sčeskí historje 3','jaz'),(1258,'Úvod do Písma svatého Starého zákona','Dominik Duka'),(1259,'Vánoční krajová kuchyně','Josef Bednář'),(1260,'Caliban Cove','Stephani Perry'),(1261,'Geopsychologie a ekopsychologie v cestovním ruchu','Kateřina Venclová, Jiří Štyrský, Jiří Šípek'),(1262,'Vánoční příběh pro nejmenší','Alex Ayliffe, Lois Rock'),(1263,'Opravník zahrádkářských omylů - skalničky','Čestmír Böhm'),(1264,'Women','Luis Royo'),(1265,'WITCH - Královna noci','Maud Mangold'),(1266,'Filosofie rozkoše','Joséphin Péladan'),(1267,'Filosofie: svazek 7','Jiří Fuchs'),(1268,'Jezdec z Ulice sv. Urbana','Mordecai Richler'),(1269,'Úvod do studia dějepisu 1','Tomáš Dvořák, Lukáš Fasora, Bronislav Chocholáč, Tomáš Malý, Denisa Nečasová, Zdeňka Stoklásková, Martin Wihoda'),(1270,'Příliš mnoho darebáků','Lawrence Block'),(1271,'Řecká kuchyně Marthy Elefteriadu','Martha Elefteriadu'),(1272,'Skotsko po česku','Paul Millar'),(1273,'Y: Poslední z mužů 3: Malý krok pro lidstvo','Pia Guerra, Brian K. Vaughan'),(1274,'Vánoční zločin na Šibeničním vrchu','Jiří Červenka'),(1275,'Angličtina pro dospělé I.','Zora Dlouhá, Olga Hrušková, Zdeňka Papoušková'),(1276,'C# - návrhové vzory','Judith Mary Bishop'),(1277,'Xenofobní průvodce - Rakušané (Charakteristika, humor, předsudky)','Louis James'),(1278,'Lexikon a sémantika','František Čermák'),(1279,'C. S. Lewis - mýtus, imaginace a pravda','Pavel Hošek'),(1280,'Skorzeny, nejnebezpečnější muž Evropy','Charles Whiting'),(1281,'Ti za řekou','Christopher Buehlman'),(1282,'Meditace v akci','Chögyam Trungpa'),(1283,'Vánoční stromek','Michel Bataille'),(1284,'Lexikon domácího kutila','Jan Simonides'),(1285,'Energie myšlenky','Sun Light'),(1286,'Filozofické aforismy','Karel Pexidr'),(1287,'Gestapo za druhé světové války','Gerhard Paul, Klaus-Michael Mallmann'),(1288,'Wok','Kolektiv autorů'),(1289,'Tiahuanaco','Jiří Zvolský'),(1290,'Bicí - Průvodce hrou na bicí pro začátečníky + CD','Justin Scott'),(1291,'Zloduch v neznázích','Jamie Thomson'),(1292,'Kouzelná sharpska','G. F. Unger'),(1293,'Querite primum regnum Dei','Helena Krmíčková, Anna Pumprová, Dana Růžičková, Libor Švanda'),(1294,'Hrajeme fotbal','G. Bauer'),(1295,'Hrady, zámky a tvrze v Čechách, na Moravě a ve Slezsku - Severní Čechy','Autor nezjištěn'),(1296,'Yvetta Simonová a její osudoví muži','Pavel Vrba'),(1297,'Do Indie, kam jinam','Iva Pekárková'),(1298,'Méďové','Václav Chaloupek, Jaroslav Vogeltanz'),(1299,'Angličtina Slovník sprostých slov a slangu','Alexis Munier'),(1300,'Opilý Koráb','Arthur Rimbaud'),(1301,'X-Men: Soumrak mutantů','Arnold Drake'),(1302,'Hrajeme si s řečí','Bohdana Pávková'),(1303,'Quo Vadis 2','Hans-Christian Huf'),(1304,'Vánoční povídky','Charles Dickens'),(1305,'Náramky přátelství','Heidi Grund-Thorpe'),(1306,'Energie tvého těla','Emma Mitchell'),(1307,'Windows on the World','Frédéric Beigbeder'),(1308,'Vánoční lidová zdobnost','Olga Vlasáková'),(1309,'Úvod do studia jazyka','Jiří Černý'),(1310,'Kouzelné šité korálky','Evelína Palmontová'),(1311,'Opoziční proudy v české společnosti 1969 - 1989','Milan Otáhal'),(1312,'Úvod do literární teorie','Terry Eagleton'),(1313,'Nápověda do kabelky','Šárka Pavličová'),(1314,'Úvod do speciálněpedagogického poradenství','Vojtěch Regec, Petra Jurkovičová'),(1315,'Opojení z proměny','Stefan Zweig'),(1316,'Úvod do praktické bioinformatiky','Fatima Cvrčková'),(1317,'Bibliografie Jána Kollára','Ján Vladimír Ormis'),(1318,'Vánoční koledy','Klára Trnková'),(1319,'Jezdectví - můj koníček','Sibylle Luise Binder'),(1320,'Integrální nauka o hvězdách','Ueli Seiler-Hugova'),(1321,'Inspektor Biggles zasahuje','William Earl Johns'),(1322,'Filozofická gymnastika','Stephen Law'),(1323,'Caligula','Paul-Jean Franceschini, Pierre Lunel'),(1324,'Vánoční příběh','Emma Mora'),(1325,'Lexikon světového filmu','Michael Töteberg'),(1326,'Endokrinní orbitopatie','Pavlína Hrdá, Zdeněk Novák, Ivan Šterzl'),(1327,'Dlouhý polibek','Margaret Allyson'),(1328,'Intelektuální dobrodružství II','Igor Kalinauskas'),(1329,'Napříč kontinentem soudobých dějin','Kolektiv autorů, Jiří Pešek'),(1330,'Caligula','Siegfried Obermeier'),(1331,'Winx Club - V tajemných hlubinách','Iginio Straffi'),(1332,'Wolverine: Ještě žiju','Warren Ellis'),(1333,'Optická koherenční tomografie','Pavel Němec, Veronika Löfflerová, Bohdan Kousal'),(1334,'Recykliteratura','Karolina Voňková, Vojtěch Mašek'),(1335,'Řecký poklad','Irving Stone'),(1336,'Bibliografie Josefa Škvoreckého 2','Michal Přibáň'),(1337,'Hraje Bůh kostky? Nová matematika chaosu','Ian Stewart'),(1338,'Bidýlko','Emil Vachek'),(1339,'Dnes půjdu za ženu','Anica Jenski'),(1340,'Angličtina pro samouky','Ludmila Kollmannová, Libuše Bubeníková, Alena Kopecká'),(1341,'Candide 2','Karel Jerie'),(1342,'Lexikon revmatologie pro sestry','Jana Korandová, Marta Olejárová'),(1343,'Filosofie: svazek 1','Jiří Fuchs'),(1344,'Úvod do studia filosofie bytí','Libor Nekvinda'),(1345,'Řecký člověk a jeho svět','Jean-Pierre Vernant'),(1346,'Dlouhý sprint s ozvěnou','Miroslav Žamboch'),(1347,'Vánoční říše','Joe Hill'),(1348,'Příliš mnoho náhod v Tenerife Mar','Helena Hardenová'),(1349,'Wolfgang Amadeus Mozart','Dirk Böttger'),(1350,'Integrované řízení výroby','Gustav Tomek, Věra Vávrová'),(1351,'Skřivánek z flétny','Ludvík Středa'),(1352,'Bifteky, řízky a další výborná masíčka','Alena Doležalová'),(1353,'Inkvizitor','Vladislav Vlček'),(1354,'Řecká odysea','Autor neznámý'),(1355,'Energetická bezpečnost a zájmy České republiky','Břetislav Dančák, Jan Závěšický'),(1356,'Medvěd','Michel Pastoureau'),(1357,'Gerron','Charles Lewinsky'),(1358,'Varan z komody','Boris Pralovszký'),(1359,'Integrovaná tělesná výchova, rekreace a sport','Ondřej Ješina, Martin Kudláček'),(1360,'Tiberius','Allan Massie'),(1361,'Hrajeme si s pohádkami','Irina Ulrychová'),(1362,'Endymion','Jiří Karásek ze Lvovic'),(1363,'Úvod do kulturní a sociální antropologie','Robert F. Murphy'),(1364,'Skořepinka mezi zvířátky a jiná vyprávění','Alois Mikulka'),(1365,'Medvídek Pú - Den oslíků','Walt Disney'),(1366,'Intelektuál ve veřejném prostoru','Petr Hlaváček'),(1367,'Příliv','Jude Deveraux'),(1368,'Ghetto Litzmannstadt 1941-1944','Richard Seemann'),(1369,'Winx club. Ples pro Bloom','Regina Bizzi'),(1370,'Zlodějčina hra','Juliet E. McKenn'),(1371,'Energie bez konce','Andreas von Rétyi'),(1372,'Lexikon osobností 20. století','Feryal Kanbay'),(1373,'Vánoční překvapení','Bonnie Bryant'),(1374,'Řeči pro pláč','Flann O’Brien'),(1375,'Big Short','Michael Lewis'),(1376,'Jezdci z High Rocku','Louis L´Amour'),(1377,'Zlomek času','Erich von Däniken'),(1378,'Vánoční paradoxy','Max Kašparů'),(1379,'Angličtina komplexní rychlokurz pro úplné začátečníky','Kolektiv autorů'),(1380,'Dnes dobudeme svět','Sabine Stephan'),(1381,'Hrajeme golf - Technika, taktika, psychologie','John Bradley'),(1382,'Jezevčík','Leni Fiedelmeier'),(1383,'Windows XP-Kapesní příručka','Autor nezjištěn'),(1384,'Kouzelná kniha českých pohádek','Vojtěch Martínek'),(1385,'Napříč kontinenty','Josef Hotmar'),(1386,'Medvědi - Co,Jak,Proč? - svazek 15','Martin Vobruba'),(1387,'Biggles - vzdušný komodor','William Earl Johns'),(1388,'Napříč říší královského umění','D. Ž. Bor'),(1389,'Tibetský Buddhismus v otázkách a odpovědích','Gohögyam Trungpa Rimpoče'),(1390,'Yendi','Steven Brust'),(1391,'Enšpiglova čtveráctví','Karel Hermann'),(1392,'Zloděj vody','Ben Pastor'),(1393,'Příliš pozdě zemřít mladý','Ivo Pospíšil, Vladimír Jurásek'),(1394,'Biggles a modrý měsíc','William Earl Johns'),(1395,'Quilling pro děti','Gudrun Schmitt'),(1396,'Quo vadis, Putine?','Josef Soukup'),(1397,'Kousnutí páteční noci','Chloe Neill'),(1398,'Naprogramovaný atentátník','Uwe Anton'),(1399,'Vánoční plavba','Mary Higgins Clark, Carol Higgins Clark'),(1400,'Školská pedagogika','Zita Baďuríková'),(1401,'Cafe Babar','Bruce Isaacson'),(1402,'Příliš hravé děti','Jean-Pierre Garen'),(1403,'Medvědi, vlci a já','Igor Mráz'),(1404,'Příklady z chemické a instrumentální analýzy','František Vláčil'),(1405,'Angličtina pro jazykové školy 2','Kolektiv autorů'),(1406,'Windows 2000 za 10 minut','Dorothy Burke'),(1407,'Instinkt v kuchyni','Eva Filipová'),(1408,'Medvídek Pú - Kdo se tu schovává?','Walt Disney'),(1409,'Bič','Dick Francis'),(1410,'Čachtická paní ve vězení a na svobodě','Andrej Štiavnický'),(1411,'Hrana rozkoše','Eve Berlin'),(1412,'Náramkové hodinky','Martin Häussermann'),(1413,'Dni radosti','Rudolf Sloboda'),(1414,'Filosofie mysli','Michal Polák'),(1415,'Vánoční radost','Vojtěch Kodet'),(1416,'Vánoční proměny','Mary Balogh, Nicola Cornick, Julia Justiss'),(1417,'Bídníci 1, 2 / Ubožáci','Victor Hugo'),(1418,'Napoleonské války a české země','Pavel Bělina, Peter Broucek, Vladimír Dolínek, Petr Havel, Milan Hodík, Miroslav Hroch, Libor Jůn, Dagmar Kutlíková, Eduard Maur, Marie Mžyková, Andrej Romaňák, Jan Šach, Ivan Šedivý, Jan Špatný, Daniela Tinková, Dušan Uhlíř'),(1419,'Hrady, zámky a tvrze Království českého. Díl druhý, Hradecko','August Sedláček'),(1420,'Xipehuzové','Joseph-Henri Rosny'),(1421,'Hrady a zámky světa','Gianni Guadalupi'),(1422,'Medvědi - ti vědí','Lothar Seiwert'),(1423,'Filosofie živé přírody','Zdeněk Kratochvíl'),(1424,'Angličtina pro mírně a středně pokročilé samouky','Ludmila Kollmannová'),(1425,'Dnes ještě zapadá slunce nad atlantidou','Vítězslav Nezval'),(1426,'Zlomená křídla','Chalíl Džibrán'),(1427,'Vánoční překvapení pro strýčka Skrblíka','Walt Disney'),(1428,'Úvod do psychologie osobnosti','Panajotis Cakirpaloglu'),(1429,'Narcistický rodič a střet generací','Haydée Faimberg'),(1430,'Ender ve vyhnanství','Orson Scott Card'),(1431,'Skřítek Kořínek','Jakob Streit'),(1432,'Zloděj stínů a jiné povídky pro děti','Jessica Adams'),(1433,'Kouzelné prázdniny','Carola von Kessel'),(1434,'Medúza - Tygra za ocas','Jack L. Chalker'),(1435,'Kouzelná zahrada','Alena Vorlíčková'),(1436,'Angličtina v kostce pro SŠ - Gramatika','Iva Dostálová'),(1437,'Angličtina pro děti','Ján Vrabec'),(1438,'George a Laura pravda o jednom americkém manželství','Christopher Andersen'),(1439,'Vánoční kuchařka pro dceru','Jana Florentýna Zatloukalová'),(1440,'Jezero Ukereve','Vladislav Vančura'),(1441,'Angličtina - testy a cvičení','Johanes Schumann'),(1442,'Medovníčkova dobrodružství','Jan Lebeda'),(1443,'Call Girl v utajení','Rebecca Kade'),(1444,'Vánoční příběhy','Jude Deveraux, Judith McNaught, Jill Barnett, Arnette Lamb'),(1445,'Zloději lidí','Robert Crais'),(1446,'Yellowstone John','G. F. Unger'),(1447,'Filosofie: svazek 6','Jiří Fuchs'),(1448,'English 2000','Asif Osmani'),(1449,'Gérard Depardieu','Elsa Zimmerman'),(1450,'Skotské nevěsty','Karen Ranney, Stephanie Laurens, Christina Dodd, Julia Quinn'),(1451,'Energie Tachyonu','David Wagner, Gabriel Cousens'),(1452,'Jezevec Chrujda staví nejdřív urychlovač a pak zase pomalič','Petr Stančík'),(1453,'Dlouhý, Široký a Bystrozraký - pohádkový nezbedník 1','Jiří Žáček'),(1454,'Kouzelná říše dětství Vítězslava Nezvala','Vlasta Fischerová-Nezvalová'),(1455,'Řecké báje a pověsti','Dušan Heřman, Miloš Bárta'),(1456,'Filosofie: svazek 4','Jiří Fuchs'),(1457,'Přiletěl k nám čáp','Tereza Šebestíková'),(1458,'Příliš mnoho příšer','Craig Shaw Gardner'),(1459,'Vánoční dekorace z korálků','Martha Gluch'),(1460,'Angličtina pro posluchače VŠCHT','Charlotte Doubravová'),(1461,'Úvod do obecné onomastiky','Rudolf Šrámek'),(1462,'Příliš mnoho strašidel','Helena Hardenová'),(1463,'Gigolo','Arthur Golden'),(1464,'Dny opuštění','Elena Ferrante'),(1465,'Recepty ze zámeckých kuchyní / Rezepte aus Schlossküchen','Josef Nejdl, Zdeněk Procházka'),(1466,'Xena č. 6','Tom Bierbaum, Mary Bierbaum, Roy Thomas'),(1467,'Medorek','Petr Placák'),(1468,'Integrovaný management inovací','Jiří Vacek, Zdeněk Vostracký, Jiří Skalický'),(1469,'Filosofie a politika','Abram Mojsejevič Děborin'),(1470,'Dlouhý, Široký a Krátkozraký','Zdeněk Svěrák, Ladislav Smoljak'),(1471,'Energetická bezpečnost','Emil Souleimanov'),(1472,'Kouzelné dobrodružství s papouškem Žakem','Ivana Peroutková'),(1473,'Vánoční dekorace','Denise Crolle-Terzaghi'),(1474,'Encyklopedie záhonových rostlin','Hanneke van Dijk'),(1475,'Opravdové přátelství podle nauky Buddhovy','Erich Fromm, Mirko Frýba'),(1476,'Filosofie jako přísná věda','Edmund Husserl'),(1477,'Skřivánek','Jean Anouilh'),(1478,'Příklady aplikace metodik výzkumů pro studenty nelékařských zdravotnických oborů','Lubica Juríčková'),(1479,'Vánoční kouzlení','Fannie Flagg'),(1480,'Medvěd','William Faulkner'),(1481,'Caligula','Albert Camus'),(1482,'Kouzelná slova','Alexandra Penney, Howard Kaminsky'),(1483,'Řečtina - Last minute','Zerva Anthi'),(1484,'Prima táta, prima dcera – bavíme se do večera','Karolin Küntzel'),(1485,'Enviromentální činnosti v předškolním vzdělávání','Kateřina Jančaříková'),(1486,'Ježíš - Životopis pro 21. století','Paul Johnson'),(1487,'Biggles a leopardí muži','William Earl Johns'),(1488,'Gilgameš','Milan Balabán, Věra Tydlitátová'),(1489,'Napoleonské války v české historické paměti a v paměti regionu','Kolektiv autorů'),(1490,'Skřítci, bohové, Boží služebníci','Christopher Vasey'),(1491,'Gideon','Russell Andrews'),(1492,'Filozofie','Richard Osborne'),(1493,'Zloděj másla','Šrí Šrímad Bhaktivédanta Mahárádža'),(1494,'Medvídek Pú - Kdo udělal \"Húú\"?','Walt Disney'),(1495,'Naposledy viděna v...','Colin Dexter'),(1496,'Opory společnosti','Henrik Ibsen'),(1497,'Lexikon pro milovníky vína','Autor nezjištěn'),(1498,'Medový perníček - do srdce chodníček','Marie Kubátová, Jindra Dvořáková'),(1499,'Skoro Francouzka','Sarah Turnbull'),(1500,'Angličtina pro každého','Vlastimila Vyntšová, Miroslav Jindra, Till Gottheiner, Zora Rampasová'),(1501,'Zloděj mramoru','Edgar Wallace'),(1502,'Příliš tichá Šumava','Zuzana Rampichová'),(1503,'Vánoční knížky','William Makepeace Thackeray'),(1504,'Angličtina v gastronomii','Eva Svobodová'),(1505,'Dny porážky','Wojciech Żukrowski'),(1506,'Skotské pohádky/Scottish Tales','Lenka Smetanová'),(1507,'Energetické působení předmětů a jemnohmotný svět','Helena Rerichová'),(1508,'Recepty se špetkou hereckého koření','Zdena Studenková'),(1509,'C. G. Jung a Rudolf Steiner','Gerhard Wehr'),(1510,'XIV. Svatováclavské setkání v Jeseníku','Jarmila Peňázová, Květoslav Growka'),(1511,'Georgie a magnát','Margaret Way'),(1512,'Medvídek Pú - Hraní ve Stokorcovém lese','Walt Disney'),(1513,'C. G. Jung aneb zkušenost s božstvím','Jean Jacques Antier'),(1514,'Dluhová past','Jeroným Janíček'),(1515,'Zločiny na zámku Jezreel','Donford Yates'),(1516,'Dnem i nocí','Gwen Hayes'),(1517,'Inspirativní webdesign','Patrick McNeil'),(1518,'Angličtina – zlomte své věčné začátečnictví','David Gruber'),(1519,'Enjoy','Solange Bied-Charreton'),(1520,'Filosofie básnické skladby','Edgar Allan Poe'),(1521,'Angličtina za školou','Jan Měšťan'),(1522,'Insomnie aneb ďábel na svobodě','Henry Miller'),(1523,'Příliš mnoho mužnosti','Gaby Hauptmann'),(1524,'Xenofobní průvodce - Němci','Stefan Zeidenitz, Ben Barkow'),(1525,'Tibetský strom klenotů','Robert Thurman'),(1526,'Medvědí hory','Josef Kovář'),(1527,'Opravdoví hrdinové','Ervín Najman'),(1528,'Ježíš','John Wesley Lewis'),(1529,'Úvod do religionistiky','Břetislav Horyna'),(1530,'Ententýky','M. J. Arlidge'),(1531,'Medvědi','Anne Suess'),(1532,'Filosofické kořeny politického rozhodování','Rudolf Kučera'),(1533,'Hrady, zámky a tvrze Království českého. Díl dvanáctý, Čáslavsko','August Sedláček'),(1534,'Lexikon společenského chování','Vladimír Smejkal'),(1535,'Recepty z farmářského trhu I.díl','Hanka Michopulu'),(1536,'Angličtina na rovinu II','Darren Crown'),(1537,'Wilth Ahwa','Milan Brabec, Zdeněk Beneš, Míla Linc, Lucie Kučerová, Jan Č. Galeta, Zbyněk Kučera Holub'),(1538,'Opravy automobilových karosérií','Igor Škunov'),(1539,'Institucionální ekonomie','Lubomír Mlčoch'),(1540,'Příliš pozdní léto','Václav Vokolek'),(1541,'Opravy automobilů - Praktická příručka pro údržbu a seřizování vozidla svépomocí','Bořivoj Plšek'),(1542,'Zločin, který unikl trestu','Karel Richter'),(1543,'Kouzelné okno','Dave Duncan'),(1544,'Jezdec na osamělé stezce','CH. P. White'),(1545,'Vánoční kniha aktivit','Autor nezjištěn'),(1546,'Germanie','Brendan McNally'),(1547,'Wilma detektivem','Emma Kennedy'),(1548,'Filozof, který nebyl moudrý','Laurent Gounelle'),(1549,'English Grammar - exercise book','Petr Šulc'),(1550,'Gerontologie','Lucie Vidovićová, Cyril Höschl, Hana Štěpánková'),(1551,'DMZ 3: Veřejné práce','Riccardo Burchielli, Brian Wood'),(1552,'Ježíš','Walter Wangerin'),(1553,'Biggles a poklad Madagaskaru','William Earl Johns'),(1554,'Ti nejlepší z nás','Helene Uri'),(1555,'Úvod do studia médií','Jan Jirák, Graeme Burton'),(1556,'Cameron','Beverly Barton'),(1557,'Bigamista','Mary Turner Thomson'),(1558,'Filosofické drobky','Søren Kierkegaard'),(1559,'Bič boží','Jevgenij Ivanovič Zamjatin'),(1560,'Winston Churchill a jeho světové války','Alan MacDonald'),(1561,'Yukon Quest','John Firth'),(1562,'Xenofobní průvodce - Řekové (Charakteristika, humor, předsudky)','Alexandra Fiada'),(1563,'Enterální a parenterální výživa','Jaromír Křemen, Jarmila Křížová, Eva Kotrlíková, Štěpán Svačina'),(1564,'Inkvizitor','Wolfgang Hohlbein'),(1565,'Queen','Peter Hince'),(1566,'Opium a hůl','Mulúd Mammerí'),(1567,'Vánoční dobroty','Peter S. Milan'),(1568,'Callisto','Torsten Krol'),(1569,'Hrajeme si s krtkem','Ondřej Müller'),(1570,'Giacomo Casanova. Známý - neznámý','Josef Polišenský'),(1571,'Opravy v domácnosti','Kolektiv autorů'),(1572,'Škorpion se vrací','Anthony Horowitz'),(1573,'Skoncujme s prohibicí.','Angiolo Bandinelli'),(1574,'Angličtina pro lamy','Ladislav Čech'),(1575,'Dny v táboře','Zaharia Stancu'),(1576,'Dlouhý, temný čas svačiny duše','Douglas Adams'),(1577,'Zlom','Dan Drápal'),(1578,'Filosofie v českých zemích','Stanislav Sousedík'),(1579,'Zločiny bez konce','Václav Švarc'),(1580,'Callahanův přesčasový bar','Spider Robinson'),(1581,'Meditace s anděly','Božena Koubová'),(1582,'Opožděné reportáže','Ladislav Mňačko'),(1583,'George Herbert Mead: tělo, mysl a svět','Roman Madzia'),(1584,'Příliš obyčejná vražda','Roman Cílek'),(1585,'Enderova hra','Orson Scott Card'),(1586,'Yrrhedesovo oko','Andrzej Sapkowski'),(1587,'Lež romantismu a pravda románu','René Girard'),(1588,'Příliš blízko','Hilary Norman'),(1589,'Lexikon přežití','Rüdiger Nehberg'),(1590,'Quilling','Jana Maiksnar Vašíčková'),(1591,'Příliš pozdě?','Werner Baumbach'),(1592,'Filosofie a metodologie vědy','Břetislav Fajkus'),(1593,'Čajové minimum','J. H. Kocman'),(1594,'Angličtina pro seniory','Lucie Poslušná'),(1595,'Hrajeme si s magnetky - Vesmír','Ant Parker'),(1596,'English all around','Alena Kuzmová'),(1597,'Čachtická paní','Tomáš Bednařík'),(1598,'Meditace vhledu','Joseph Goldstein'),(1599,'Čakry a nádí - škola do kapsy','Ravindra Kumar'),(1600,'Biggles a teroristé','William Earl Johns'),(1601,'Kouzelné vitráže - Hra světla a barev v moderním interiéru','Vicki Payne'),(1602,'Hrady, zámky a tvrze Království českého. Díl pátý, Podkrkonoší','August Sedláček'),(1603,'Příliš tenkej led','Zdenka Hamerová'),(1604,'Zločin, hřích, šílenství v čase odkouzlování světa','Daniela Tinková'),(1605,'Angličtina pro 5. ročník ZŠ - učebnice','Marie Zahálková'),(1606,'C. k. dezertéři','Kazimierz Sejda'),(1607,'Hrajte lépe golf','Mike Adams'),(1608,'Příliš mnoho blonďáků','Lydie Junková'),(1609,'Instantní ekonomie nejen pro začátečníky','Josef Zemánek'),(1610,'Napoleonovo tažení na Rus 1812','Jevgenij Tarle'),(1611,'Tibetská jóga','Garma C.C. Chang'),(1612,'Do Měsíce','Jules Verne'),(1613,'Tichá dívka','Peter Høeg'),(1614,'Narcis v řetězech','Laurell K. Hamilton'),(1615,'Filosofie Louise Althussera','Petr Kužel'),(1616,'Queen : jak to začalo','Jim Jenkins, Jacky Gunn'),(1617,'Lexikon půvabu - Nezbytná příručka moderní dívky','Šárka Pavličová'),(1618,'Lexikon české literatury 1 (A-G)','Vladimír Forst'),(1619,'Skřítek v hlavě','Christine Nöstlinger'),(1620,'Energetický blud','Hans-Joachim Zillmer'),(1621,'Čakramy na susumě','Robert Nový'),(1622,'Úvod do křesťanství','Benedikt XVI.'),(1623,'Biggles a temně modré moře','William Earl Johns'),(1624,'Optika 1','Jiří Bajer'),(1625,'Angličtina z kouzelného sluchátka','Blanka Knotková-Čapková'),(1626,'Biggles a poklad Ophiru','William Earl Johns'),(1627,'Zloduch z podzemí','M. R. Richards'),(1628,'Do Labyrintu','Tracy Hickman, Margaret Weis'),(1629,'Naprsquax I.','Ludmila Vaňková'),(1630,'Hrajeme si s nejmenšími','Jackie Silberg'),(1631,'Narcis','Tamara Dřevikovská'),(1632,'Thyl Ulenspiegel','Eduard Bagrickij'),(1633,'Příliš dlouhé zásnuby','Sébastien Japrisot'),(1634,'Vánoční pohádky','Zuzana Pospíšilová'),(1635,'Vápno z pýlu motýlův','Jan Neruda'),(1636,'Intelektuální dobrodružství','Igor Kalinauskas'),(1637,'Úvod do Nového zákona','Ladislav Tichý'),(1638,'Filosofická víra','Karl Jaspers'),(1639,'Anglie slovem i obrazem','Hugh A. Andrews, Jindřich Marco'),(1640,'Kouzelné království na prodej/prodáno','Terry Brooks'),(1641,'WITCH - Osudové pouto','Lene Kaaberbøl'),(1642,'Příklady a úlohy z chemie','Stanislav Horváth, Miloš Marko'),(1643,'Recepty, co dům dal - Rychlovky(šálkové dávkování)','Milada Zemánková'),(1644,'Filosofie Friedricha Nietzscheho','Eugen Fink'),(1645,'Lež má ženské nohy','Nicole Ribeiro'),(1646,'Vánoční rozjímání','Anselm Grün'),(1647,'Yorkshirské povídky','James Herriot'),(1648,'Bibliografie památkové péče za rok 2006','Autor nezjištěn'),(1649,'Entomologie pro muškáře od přírodního vzoru k napodobenině','Walter Reisinger, Ernst Bauernfeind, Erhard Loidl'),(1650,'Tibet - Střecha světa mezi minulostí a přítomností','Maria Antonia Sironi Diemberger'),(1651,'Úvod do speciální pedagogiky osob s mentálním postižením','Oldřich Müller, Zdeňka Kozáková, Olga Krejčířová'),(1652,'Filosofie - Obrat k Zemi','Josef Šmajs'),(1653,'Zločiny','Ferdinand von Schirach'),(1654,'Bibliografie českého amatérského divadla','Jiří Valenta'),(1655,'C','Tom McCarthy'),(1656,'Enon','Paul Harding'),(1657,'Lexikon literárních pojmů','František Všetička, Libor Pavera'),(1658,'Opravit dům? To zvládneš!','Autor nezjištěn'),(1659,'Méďové na cestách','Václav Chaloupek'),(1660,'Řecká mytologie','Michal Haisl, Jan Javorský'),(1661,'Ježek Pícháček mezi lidmi','Čeněk Sovák'),(1662,'Ježečkův týden','Andrej Čerevka'),(1663,'Yes Man','Danny Wallace'),(1664,'Medvědi zabijáci','Mike Cramond'),(1665,'Caesar a Kleopatra','Philipp Vandenberg'),(1666,'Kouzelné dobrodružství','Alain Fournier'),(1667,'Filosofie: svazek 2','Jiří Fuchs'),(1668,'Medvědí tanec','Irena Dousková'),(1669,'Bigfoot alias Sasquatch','Karel Wágner'),(1670,'Lexikon chemického složení vína','Miloš Michlovský'),(1671,'Opojení','Kurt Steiniger'),(1672,'Lexikon slavných českých dynastií','Blanka Kovaříková'),(1673,'Zloděj listí','William Saroyan'),(1674,'Náprava poruch binokulárního vidění','Alena Keblová'),(1675,'Thyrsos','František Halas'),(1676,'WITCH - Sto čarodějných způsobů jak objevit svůj půvab','Walt Disney'),(1677,'Yetti','Reinhold Messner'),(1678,'Opožděná ejakulace','Luděk Daneš'),(1679,'Winston Churchill','Winston Jacques Legrand'),(1680,'Náprava dle metody','Alejo Carpentier'),(1681,'Úvod do kvantové mechaniky','Lubomír Skála'),(1682,'Vánoční večírek Pipi Dlouhé punčochy','Astrid Lindgren'),(1683,'Kouzelná cesta','Kristin Hannah'),(1684,'Opičí král','Wu Čcheng-en'),(1685,'Inovativní zobrazovací metody','Jiří Ferda'),(1686,'Čachtická paní z Karlštejna','Richard Dostál'),(1687,'Příliš mnoho lásky','Zuzana Francková'),(1688,'English Literature for Graduation Exam','James Branam'),(1689,'Gigantické stroje','Autor nezjištěn'),(1690,'Napoleonské války','Libor Jůn'),(1691,'Y: Poslední z mužů 10: Odpovědi','Brian K. Vaughan'),(1692,'Jezero prokletí','Emily Rodda'),(1693,'Vánoční přání','Hana Pinknerová'),(1694,'Filosofie dějin','Georg Wilhelm Friedrich Hegel'),(1695,'Wir 1 - Pracovní sešit','Giorgio Motta'),(1696,'Biggles a záhada uloupeného zlata','William Earl Johns'),(1697,'Lhář','Stephen Fry'),(1698,'Ysobel, srdce z diamantu','Gaby Schuster'),(1699,'Wittgensteinův vražedný komplex','Philip Kerr'),(1700,'Jezdectví pro samouky','Karol Hollý'),(1701,'Skotsko - turistický průvodce','Autor nezjištěn'),(1702,'Opice z naší police','Krista Bendová'),(1703,'Jezero krokodýlích čarodějů','Jaroslav Mareš'),(1704,'Zloděj srdcí','Patricia Gaffney'),(1705,'Dnes 13, zítra 30','Roberts Christy'),(1706,'Medvídek Méďa s maňáskem','Zuzana Pospíšilová'),(1707,'Filosofický význam současné ekologické krize','Rudolf Kolářský'),(1708,'Jezdecká škola Lindy Tellington-Jonesové','Linda Tellington-Jones'),(1709,'DMZ 4: Palba do vlastních','Brian Wood, Riccardo Burchielli'),(1710,'Hrady, zámky a tvrze, které přežily rok 2000 - Plzeňský kraj','Renata Pourová'),(1711,'Angličtina na cesty - konverzační příručka','Iveta Božoňová'),(1712,'Řecko - společník cestovatele','Marc Dubin'),(1713,'Tiberius','Roger Caratini'),(1714,'Windows 8','Josef Pecinovský'),(1715,'Xena č. 1','Robert Trebor, Roy Thomas'),(1716,'Energie EFT – Nabijte svůj život od -10 do +10','Silvia Hartmann'),(1717,'Kouzelné slovo láska','Jenny Kaiser'),(1718,'WITCH - Kamenný sokol','Lene Kaaberbøl'),(1719,'Tibet','Sven Hedin'),(1720,'Vánoční koledy','Šárka Váchová'),(1721,'Jezdkyně','Iris Johansen'),(1722,'Hrajeme si s magnetkami - Závody','Ant Parker'),(1723,'Angličtina od začátku','Jonathan Gaudet'),(1724,'Filosofie a jazyk','Jaroslav Peregrin'),(1725,'Hrajeme si s písničkou','Zdeněk Šimanovský, Alena Tichá'),(1726,'Filozofické listy, Apologie bláznova','Petr Jakovlevič Čaadajev'),(1727,'Energie z biomasy','Jiří Beranovský, Karel Murtinger'),(1728,'Čakra Kentaura','Olga Nikolajevna Larionova'),(1729,'Do morku kosti','Aaron Elkins'),(1730,'Ticho','Susan Cain'),(1731,'Georges Méliès','Georges Sadoul'),(1732,'Do ložnic je vidět','Erle Stanley Gardner'),(1733,'Dneska výtah nejezdí','František Pon'),(1734,'Vánoční svátky o století zpátky aneb Tradice Vánoc v české kuchyni','Kamila Skopová'),(1735,'Medvídek Kuma','Martina Skala'),(1736,'Angličtina nejen pro samouky','Pavel Rak, Ludmila Kollmannová'),(1737,'Napříč Kemalovým Tureckem','Mohamed Abdalah Brikcius'),(1738,'Integrace - znamení doby','Ján Jesenský'),(1739,'Biggles - černá maska','William Earl Johns'),(1740,'Opičí král','Zdeněk Sklenář'),(1741,'Zloději času','Vítězslav Jareš'),(1742,'Příliš blízké setkání','Jan Kotouč'),(1743,'Inside Out','Jiří David'),(1744,'Engels','František Červinka'),(1745,'Zločiny kacířky Klotyldy','Zdenka Kmuníčková'),(1746,'Caesar','Jan Werich, Jiří Voskovec'),(1747,'Zlodějina','Zuzana Brabcová'),(1748,'Wítch story','Walt Disney'),(1749,'Angličtina pro děti s mývalem Racsem','Autor nezjištěn'),(1750,'Wing Over','Uli Wiesmeier'),(1751,'Vánoční tajemství - Soubor povídek','Autor neznámý'),(1752,'Gerontopsychiatrie','Jan Lužný'),(1753,'Bibliografie díla Zdeňka Nejedlého','Stanislava Jonášová-Hájková'),(1754,'Úvod do sociologie','Radomír Havlík'),(1755,'Lexikon omáček','Kristiane Müller-Urban'),(1756,'XLVIII. Konference studentských vědeckých prací','Hana Kolářová, Eliška Sovová'),(1757,'Gesta a mimika','Noemi Zárubová-Pfeffermannová'),(1758,'Yorkšírský teriér','Jürgenn Grünn, Armin Kriechbaumer'),(1759,'Geriatrie od A do Z pro sestry','Matthias Schuler, Peter Oster'),(1760,'XML Praktické příklady','Jiří Bráza'),(1761,'Energetické náramky z drahých kamenů','Shalila Sharamon, Bodo J. Baginski'),(1762,'Ghúlmošky se chtějí bavit','Gitty Daneshvari'),(1763,'Úvod do speciální neurofyziologie','Petr Králíček'),(1764,'Zloděj blesku','Rick Riordan'),(1765,'Tiché dny v Clichy','Henry Miller'),(1766,'Úvod do psychologie','Marie Vágnerová'),(1767,'Angličtina - Přehled středoškolské gramatiky','Helena Navrátilová'),(1768,'Ježíš','John Wesley Lewis'),(1769,'Dnem i nocí Atlantikem + DVD','David Křížek'),(1770,'Napravit hříšníka','Nicole Jordan'),(1771,'Lezení v Sasku','Jaroslav Maršík, Pavel Žofka'),(1772,'Lexikon české literatury 2/II (K-L)','Vladimír Forst'),(1773,'Germania od porážky k sjednocení','Josef Soukup'),(1774,'Opravník omylů ze světa zvířat','Ludvík Kunc'),(1775,'Kouzelná skříňka','Zdeněk Adla'),(1776,'Řecko - Průvodce do zahraničí','Kolektiv autorů'),(1777,'Opravy automobilů Škoda 105-120-130','Jiří R. Mach'),(1778,'Úvod do současné filosofie','Miroslav Petříček'),(1779,'Skřítkové pod stříbrným městem','Renata Petříčková, Michal Vaněček'),(1780,'Filosofie II','Karel Hauzer, Zdeněk Bígl'),(1781,'Windows Vista základní průvodce','Brian Livingston'),(1782,'Do černého','Dick Francis'),(1783,'Your Space 2','Garan Holcombe, Martyn Hobbs, Julia Starr Keddle'),(1784,'Angličtina dětský obrazový slovník','Autor nezjištěn'),(1785,'Angry Birds - Hlavu vzhůru, Chucku!','Autor nezjištěn'),(1786,'Opravdové štěstí','Barbara Dunlop'),(1787,'Kouzelná lampa','Jaroslav Durych'),(1788,'Úvod do studia mezinárodních vztahů','Šárka Waisová'),(1789,'Lexikon léčivých kamenů','Josef Pavel Kreperát'),(1790,'Nářadí','Alexandra Horová'),(1791,'Wimbledon a příběhy tenisových hrdinů','Jaroslav Kirchner, Zdeněk Žofka'),(1792,'Xenofobní průvodce - Poláci (Charakteristika, humor, předsudky)','Ewa Lipniacka'),(1793,'Kouzelná truhlice','Ellie Boswell'),(1794,'Tichá oběť','John Sandford'),(1795,'Lexikon zahrady','Emö Zeltner, Renate Zeltner'),(1796,'Ghúlmošky na věky věků','Gitty Daneshvari'),(1797,'Dlouhý stín','Ivan Šafhauser, Antonín Jirotka'),(1798,'Energie rostlin','Jelena Mazovová'),(1799,'Nařčení architekta J. V.','Jan Bartoš'),(1800,'Jezero','Arnaldur Indridason'),(1801,'Dluh krve','Tanya Huff'),(1802,'Lexikon vína - Rebo','Christina Fischer'),(1803,'Hrady z písku','Luanne Rice'),(1804,'Innocenta','Marie Corelli'),(1805,'Cadillac Jack','Larry McMurtry'),(1806,'Y: Poslední z mužů 6: Holky s holkama','Brian K. Vaughan, Pia Guerra'),(1807,'Inspiromat','Břetislav Hartl'),(1808,'Řecké dědictví na západě','Jan Stejskal'),(1809,'Kouzelná tykev','Boris Riftin'),(1810,'Vánoční pohádky','Zbyněk Malinský'),(1811,'Filozofické aspekty teorie chaosu','Lukáš Hadwiger Zámečník'),(1812,'Opráski sčeskí historje 2','jaz'),(1813,'Lexikon přírodní medicíny','Anne Iburg'),(1814,'Tiché dny v Mixing Part','Erlend Loe'),(1815,'Napoleonův syn','Renate Fabel'),(1816,'Lexikon českého filmu','Václav Březina'),(1817,'Úvod do neurolingvistického programování','John Seymour, Joseph O´Connor'),(1818,'Tibetské lidové léčitelství','Ba-Om'),(1819,'Kouzelná hostina','Walt Disney'),(1820,'Filosofické sešity','Vladimir Iljič Lenin'),(1821,'Tichá srdce 2','Alena Ježková'),(1822,'Wolfgang Lüth','Karl Alman'),(1823,'Příliš brzy starý, příliš pozdě moudrý','Gordon Livingston'),(1824,'WITCH - Spáry orla','Lene Kaaberbøl'),(1825,'Napoleonská encyklopedie','Richard Blatný'),(1826,'Hrajku z švestkového hájku','Mojmír Preclík'),(1827,'Angličtina pro samouky a věčné začátečníky + interaktivní CD','Kolektiv autorů'),(1828,'Jezero duší','Darren Shan'),(1829,'Xichty','Alex Walden'),(1830,'WITCH - Ebenová pyramida','Ruben Eliassen'),(1831,'Řecká kuchyně','Zdeňka Dostálová'),(1832,'Příkopy','Jan Míka'),(1833,'Dnes večer jsem se rozloučila','Michael Koryta'),(1834,'Quido Šimek - Spasitel všednosti','Martin Boštík'),(1835,'Tibet','Josef Kolmaš'),(1836,'Vánoční recepty českých herců','Miroslava Besserová'),(1837,'Zloději hvězd','Nicole Mtawa'),(1838,'Hrady, zámky, paláce','Françoise Bayle'),(1839,'Opojný orgasmus','Vivienne Cass'),(1840,'Encyklopedie zahradničení','Christopher Brickell'),(1841,'Vánoční příběh','Marek Dobeš, Lucie Lukačovičová'),(1842,'Dlouhý stín','Cynthia Harrod-Eagles'),(1843,'Čaj - směsi, původ, rituály','Rob Alcraft'),(1844,'Y: Poslední z mužů 5: V kruhu','Pia Guerra, Brian K. Vaughan'),(1845,'Caesar a zrada na Kapitolu','Franziska Jaekel, Karl Knospe'),(1846,'Prima táta, prima syn – užijem si klukovin','Karolin Küntzel'),(1847,'Encyklopedie výtvarných technik a materiálů','Ray Smith'),(1848,'Ježíš - Příběh osvícení','Deepak Chopra'),(1849,'Lexikon skalniček','Hacstein Wehmeyer'),(1850,'Angličtina nejen pro samouky','Ĺubica Rovanová, Zuzana Straková, Jana Bérešová, Lynda Steyne, Eva Tandlichová'),(1851,'Jezdecká akademie - Srdce ze zlata','Lauren Brooke'),(1852,'Zloději zelených koní','Jiří Hájíček'),(1853,'Zločiny a tragédie v českých dějinách','Vladimír Liška'),(1854,'Filosofka Blanka','Eva Marešová'),(1855,'Intencionalita a apriorita','Hynek Janoušek'),(1856,'Ležení Avarů','Péter Szabó Szentmihályi'),(1857,'Encyklopedie zahradního designu','Chris Young'),(1858,'X','Ondřej Brom'),(1859,'Úvod do podnikové ekonomiky','Dana Martinovičová, Miloš Konečný, Jan Vavřina'),(1860,'Angličtina pro samouky','Miloslava Pourová'),(1861,'Naprosto osvětleno','Jonathan Safran Foer'),(1862,'Tichá válka','Paul J. McAuley'),(1863,'Ježeček Dupálek','Eva Bešťáková'),(1864,'Filosofie','Ivan Blecha'),(1865,'Filosofie vůle II.','Paul Ricoeur'),(1866,'XII. kongres ČSARIM','Kolektiv autorů'),(1867,'Quimbo','Karl May'),(1868,'Jezdci pod slunečníkem','Roman Ludva'),(1869,'Do jižních moří','Robert Louis Stevenson'),(1870,'Dnešek je váš, zítřek je náš','Pavel Tigrid'),(1871,'Bídní Viktoriáni','Terry Deary'),(1872,'Gestalt terapie doslova','Frederick Perls'),(1873,'Vánoční pečení - Sladkosti pro nejkrásnější svátky v roce','Erika Casparek-Türkkan'),(1874,'Vaření v páře','Autor nezjištěn'),(1875,'Inovace a výnosnost podniku','Jan Mlčoch'),(1876,'Příliš smutná vdova','Phillip Margolin'),(1877,'Medvědí román','Jiří Kratochvil'),(1878,'Škorpion','Hans Scherfig'),(1879,'Wir üben deutsche Gramatik - Maturita z němčiny','Hana Justová'),(1880,'Wok','Michal Horecký'),(1881,'Kouzelná aktovka','Daniela Krolupperová'),(1882,'Úvod do studia hovorové čínštiny','Oldřich Švarný, David Uher'),(1883,'Wittgensteinův synovec','Thomas Bernhard'),(1884,'Inteligentní systémy','Petr Berka'),(1885,'Camille Claudelová','Anne Delbée'),(1886,'Skotačení v parku','Rebecca Finn'),(1887,'Gérald Depardieu - Naživu!','Laurent Neumann'),(1888,'Prima máma, prima dcera – bavíme se do večera','Karolin Küntzel'),(1889,'Xena č. 2','Robert Trebor, Roy Thomas'),(1890,'Řecké vázy','Jiří Frel'),(1891,'Ghazálího Výklenek světel','Abú Hámid Al-Ghazzálí'),(1892,'Endokrinologie pro praxi','Václav Hána'),(1893,'C. K. Polní maršálek','Emil Artur Longen'),(1894,'Tibetská kniha mrtvých','Guru Padmasambhava'),(1895,'George Berkeley','James Hill, Petr Glombíček'),(1896,'Filosofie 17. a 18. století','Emerich Coreth, Harald Schöndorf'),(1897,'Jezero sedmi světel','Jaroslav Svojše'),(1898,'Čakry - kompletní průvodce','Ambika Wauters'),(1899,'Dnes a zítra','Bedřich Golombek'),(1900,'Lexikon české literatury 3/II (P-Ř)','Jiří Opelík'),(1901,'Primánky se rojí','Eva Marešová'),(1902,'Recepty z Valašska','Karel Jirků'),(1903,'Filosofie a víra','Ladislav Hejdánek'),(1904,'Hrady Kastelového typu 13. století ve střední Evropě','Tomáš Durdík'),(1905,'Encyklopedie zeměpisu světa','Rudolf Landmann'),(1906,'Yakari a bílý bizon','Kateřina Naváková'),(1907,'Energie krystalů','Mary Lambert'),(1908,'Lexikon vlajek a znaků zemí světa','Aleš Brožek'),(1909,'Řecká emigrace v Československu (1948-1968)','Konstantinos Tsivos'),(1910,'Kouzelná flétna','Bohumil Hrabal'),(1911,'Příliv temnoty','Aaron Rosenberg'),(1912,'Filosofie 20. století','Emerich Coreth, Břetislav Horyna'),(1913,'Vánoční děti','William Black, Christopher Keane'),(1914,'Camilla','Caroline Graham'),(1915,'Úvod do studia muzeologie','Zbyněk Stránský'),(1916,'Škorpion ve znaku','Steven Pressfield'),(1917,'Angličtina přehledně pro každého až ke státnicím','Jaroslav Lakomý'),(1918,'Dlouhý pochod','William Styron'),(1919,'DMZ 1: Válečná zóna','Riccardo Burchielli, Brian Wood'),(1920,'George Harrison - Dark Horse','Geoffrey Giuliano'),(1921,'Get talking','Alena Kuzmová'),(1922,'Vánoční příběhy pro potěchu duše','Bruno Ferrero'),(1923,'Gestapo','Jochen von Lang'),(1924,'Dneska už se tomu směju','Adina Mandlová'),(1925,'Filosofie lidského, příliš lidského','Friedrich Nietzsche'),(1926,'Přilba - ochrana i ozdoba válečníka','Ctirad Beneš'),(1927,'Medové kuželky','Petr Král'),(1928,'Wilsonova mlžná komora','Miloš Vodička'),(1929,'Gérard Depardieu','Lionel Duroy, Gérard Depardieu'),(1930,'Kouzelné pohádky před spaním','Autor nezjištěn'),(1931,'Filosofický slovník pro samouky neboli Antigorgias','Vladimír Neff'),(1932,'Ježíš a jeho příběh','Martina Drijverová, Antonín Šplíchal'),(1933,'Příliš krátké známosti','Pavel Jansa'),(1934,'GI dieta - jak ztratit nadváhu a získat energii','Helen Foster'),(1935,'Vánoční příběhy','Astrid Lindgren'),(1936,'Integrovaná psychoterapie v akci','Ferdinand Knobloch'),(1937,'Dny hněvu','Sylvie Germain'),(1938,'Inseminátor - sborník českého komiksu','Kolektiv autorů'),(1939,'Lexikon strašidla, skřítci, víly,... 3','Vítězslava Klimtová'),(1940,'Dny pod psa','Alicia Giménez-Bartlett'),(1941,'Angličtina ke státní maturitě a přijímačkám na VŠ','Vladimíra Lokšová'),(1942,'Lexikon pro turisty a táborníky','Miloslav Palát'),(1943,'George Orwell','Gordon Bowker'),(1944,'Varhany','Meinrad Walter'),(1945,'Hrady, zámky a ostatní zpřístupněné památky','Roman Abušinov, Kateřina Sučková'),(1946,'Jezero Titicaca na prahu třetího tisíciletí','Otto Horský'),(1947,'Medvěd Pét`a a jeho přátelé','Martina Drijverová'),(1948,'Příliš brzy unavená demokracie','Karel Hvížďala, Jacques Rupnik'),(1949,'Medvědí pohádka','Ivona Březinová'),(1950,'Ježíš - náš úděl','Wilhelm Busch'),(1951,'Hrady českého Slezska','Pavel Kouřil, Dalibor Prix, Martin Wihoda'),(1952,'Úvod do sociologie','Jan Jandourek'),(1953,'Lexikon české literatury 3/I (M-O)','Jiří Opelík'),(1954,'Vánoční kuchařka','Luděk Schneider, Jaroslav Vašák'),(1955,'Opilecké historky, aneb, Jak se pívávalo','Jaroslav Hašek'),(1956,'Dna - nemoc králů','Lubomír Kužela, Věra Stejskalová'),(1957,'Skoro-sonety','Jakub S. Trojan'),(1958,'Narcis a Goldmund. Cesta do Země východní. Pozdní prózy','Hermann Hesse'),(1959,'Úvod do myšlení Vladimíra Solovjova','Michelina Tenace'),(1960,'Škorpion - 7,65 mm samopal vz. 61 Škorpion a jeho varianty','Jiří Fencl'),(1961,'Do Helsínk','Juhani Aho'),(1962,'Queen','Kean Dean'),(1963,'Lexikon lektvarů paní Daneové','Katherine Howe'),(1964,'Inspirovanost Písma','Dan Drápal, Jiří Hedánek'),(1965,'Opravy rodinného domu - Stavební konstrukce','Pavel Žabka'),(1966,'Příliš silné pokušení','Otakar Chaloupka'),(1967,'Kouzelné bobulky','M. Poncelet, Miloš Zapletal'),(1968,'Gestapo','Rupert Butler'),(1969,'Kouzelné krajky z papíru 2','Anna Šmalcová'),(1970,'Kouzelná lucerna','Joyce Dunbar, Kate Petty, Louisa Somerville'),(1971,'Vánoční oratorium','Göran Tunström'),(1972,'Opravdoví věřící','Doug Richardson'),(1973,'Dnes neumírej','Raymond Benson'),(1974,'Recyklované pohádky','Kolektiv autorů, Alena Schulzová'),(1975,'XIII - Nejvyšší pohotovost','W. Vance'),(1976,'Winston Churchill - Válečný cestovatel','Brian Lavery'),(1977,'Úvod do studia dějepisu 2','Tomáš Borovský, Lukáš Fasora, Bronislav Chocholáč, Tomáš Malý, Denisa Nečasová, Jiří Němec, Martin Wihoda'),(1978,'Opravdové příběhy zvířat','Olga Nytrová, Václav Strachota'),(1979,'Zločinci','John Jakes'),(1980,'Windows XP - Kapesní příručka - Praktický průvodce systéme Windows XP','David A. Karp'),(1981,'Opilý prales','Gerald Durrell'),(1982,'Příliš osobní známost','Eva Urbaníková'),(1983,'Zlodějky lžiček','Blanka Fišerová'),(1984,'Filosofie v Byzanci. Dvě metodologické studie','Eduard Neupauer'),(1985,'Recepty se sníženým obsahem cholesterolu','Vladimíra Havlová, Alexandra Jirkovská'),(1986,'Intelektuál ve dvacátém století','Timothy Snyder'),(1987,'Endurance','Alfred Lansing'),(1988,'Xenocida','Orson Scott Card'),(1989,'Energetická medicína','Donna Eden'),(1990,'Řecko, Athény a pevnina - Společník cestovatele','Marc Dubin'),(1991,'Nařčená','Carolyn Jewel'),(1992,'Naprostý cizinec','Kay Schubach'),(1993,'Zlodějíček','Petr Borkovec'),(1994,'Medvídek : kdo si se mnou bude hrát?','Ivona Březinová'),(1995,'Inteligentní investor','Benjamin Graham'),(1996,'Biblické aforismy','Pavel Kosorin'),(1997,'Hrajeme si s kočkou','Denise Seidl'),(1998,'Q... jako Queen','Sue Grafton'),(1999,'Yakari a velký orel','Jitka Mádrová'),(2000,'Encyklopedie:Terénní automobily od A do Z','Jiří Fiala'),(2001,'Filosofie akce','Maurice Blondel'),(2002,'Biblické příběhy','Ivan Olbracht'),(2003,'Hrady, zámky a tvrze Království českého. Díl čtvrtý, Vysočina táborská','August Sedláček'),(2004,'Jezdec přichází','Robert Liparulo'),(2005,'Lexikon Cyklistika - Typy kol - Výbava a technologie - Výlety','Tobias Pehle'),(2006,'Skřítek Vrtulka v zemi snů','Alena Stachoňová'),(2007,'Gérard Depardieu','Tereza Brdečková'),(2008,'Úvod do problematiky zbraní hromadného ničení','Ondřej Filipec'),(2009,'Gianlorenzo Bernini','Oldřich J. Blažíček'),(2010,'Angličtina? Jednoduše s cédéčkem!','Ludmila Kollmannová'),(2011,'Quentin Tarantino a filozofie','Richard Greene, K. Silem Mohammad'),(2012,'Skořápky','Ondřej Lipár'),(2013,'Koutkem oka','Dean Koontz'),(2014,'Quarterback','William Longway, Jaromír Jágr'),(2015,'Tibetské léčení zvukem','Tenzin Wangyal Rinpočhe'),(2016,'Geoparky ČR','Aleš Bajer'),(2017,'Biggles a rudá hvězda','William Earl Johns'),(2018,'Hrady, zámky a tvrze v Čechách, na Moravě a ve Slezsku - Jižní Morava','Autor nezjištěn'),(2019,'Úvod do studia jazyka','Lukáš Hejsek, Milan Polák'),(2020,'Primabalerína','Danielle Steel'),(2021,'Angličtina pro začátečníky','Ludmila Kollmannová'),(2022,'Vánoční kovboj','Ann Major'),(2023,'Lexikon magie a kouzel (poukázka na vstupenku do Divadla kouzel zdarma)','Pavel Kožíšek'),(2024,'Wittgenstein','Ray Monk'),(2025,'Náramky přátelství z korálů a jiné doplňky','Sabine Koch'),(2026,'Kouzelná chobotnice Krejzy','Alena Vostrá'),(2027,'Enterprise v ohrožení','Gene DeWeese'),(2028,'Napoleonova tažení V: Ať žije Císař!','Jiří Kovařík'),(2029,'Tiché kroky','Donna Julian'),(2030,'Ghost Story','Peter Straub'),(2031,'Your space 1','Garan Holcombe, Martyn Hobbs, Julia Starr Keddle'),(2032,'Kouzelná třída','Zuzana Pospíšilová'),(2033,'Optika','Petr Malý'),(2034,'Jezírkové rostliny','Jakub Urbanec'),(2035,'Zloději krásy','Pascal Bruckner'),(2036,'Tichá dohoda','Martin Dostál'),(2037,'Energie z kosmu','Joseph Murphy'),(2038,'Dnes večer netančím','Petr Arenduk'),(2039,'Recepty s tajenkou','Autor nezjištěn'),(2040,'Oprávnění zabíjet','Robert Young Pelton'),(2041,'Vánoční koleda','Charles Dickens'),(2042,'Vánoční zázrak v Americe','Josef Janšta'),(2043,'English for doctors + CD','Mária Györffy'),(2044,'Intelektuálové v Evropě 19. století','Christophe Charle'),(2045,'Inovace školských systémů','Karel Rýdl'),(2046,'Instituce učení křesťanského náboženství','Jan Kalvín'),(2047,'Medová holka','Jitka Komendová'),(2048,'Kouzelné pohádky','Vladimír Hulpach'),(2049,'Endometrióza','Eduard Kučera'),(2050,'Cajdák, Fígl, Prskolet','Pavel Cmíral, Antonín Matějka'),(2051,'Úvod do praktické dramaturgie','Zdeněk Hořínek'),(2052,'Opravené vydání','Péter Esterházy'),(2053,'Bibliotheca Antiqua','Autor nezjištěn'),(2054,'Hrají a vzpomínají Plzeňáci','Alena Martínková'),(2055,'Hrady Hněvu','Alessandro Baricco'),(2056,'Tibet','Zuzana Ondomišiová'),(2057,'Příliš mnoho manželů','Elise Title'),(2058,'Xenogenesis: Úsvit','Octavia E. Butler'),(2059,'Napotřetí ho ulovím','Hans-Günther Zimmermann, Irene Zimmermann'),(2060,'Dlouhý stín času','Pavel Nauman'),(2061,'Hrady, zámky a tvrze v Čechách, na Moravě a ve Slezsku - Severní Morava','Autor nezjištěn'),(2062,'Kouzelná baterka','Olga Černá'),(2063,'Napříč rovníkovou Amerikou','Enrique Stanko Vráz'),(2064,'Kouzelné dudy','Vladimír Hulpach'),(2065,'Medvěd pro bratříčka','Eleonóra Gašparová'),(2066,'Kouzelná kniha / Kdo čaruje, vyhrává!','Carola von Kessel'),(2067,'Geometrie v dějinách náboženství','Petr Milén'),(2068,'Jezdecký tábor','Bonnie Bryant'),(2069,'Napříč proudem','John Galsworthy'),(2070,'Yvetta','Guy de Maupassant'),(2071,'Windows Vista - podrobný průvodce','Josef Pecinovský'),(2072,'Opravy automobilů Škoda Felicia, Felicia combi, pickup','Jiří R. Mach'),(2073,'Napůl divoký','Sally Green'),(2074,'Primární terapie','Arthur Janov'),(2075,'Úvod do psycholingvistiky','Iva Nebeská'),(2076,'Čandala','August Strindberg'),(2077,'Medvídek Pú','Walt Disney, Lisa Ann Marsoli'),(2078,'Zlomená křídla','Eduard Čejka'),(2079,'Window Art','Monika Brýdová'),(2080,'Candide 1','Karel Jerie'),(2081,'Angličtina hravě 1.','Mirjana Panská'),(2082,'Vánoční zastavení','Autor nezjištěn'),(2083,'Oppermannové','Lion Feuchtwanger'),(2084,'Angličtina do dlaně pro základní školy a nižší ročníky víceletých gymnázií','Iva Dostálová'),(2085,'Yosemity','Alexander Huber, Heinz Zak'),(2086,'Qué pasa?','Autor nezjištěn'),(2087,'Hrana pokušení','Eve Berlin'),(2088,'Biggles a zlaté dublony','William Earl Johns'),(2089,'Recepty z jednoho hrnce - 130 receptů','Jarmila Mandžuková'),(2090,'Filosofie 19. a 20. století II.','Wolfgang Röd'),(2091,'Prima holka','Luděk Stínil'),(2092,'Opravy povrchů v bytě svépomocí','Miroslav Koubek'),(2093,'Skotská růže','Gabriela Stein'),(2094,'Náramky přátelství','Autor nezjištěn'),(2095,'Encyklopedie západní astrologie','Milan Špůrek'),(2096,'Úvod do studia literární vědy','Eduard Petrů'),(2097,'Lexikon čínského mudrosloví','Taj-ťün Hejzlarová, Josef Hejzlar'),(2098,'Filosofický slovník','Kolektiv autorů'),(2099,'Řečtina na cesty','Iveta Božoňová'),(2100,'Angličtina pro jazykové školy 1','Eva Zábojová, Jaroslav Peprník'),(2101,'Vánoční netloustnutí aneb Lehké vánoční cukroví','Jarmila Mandžuková'),(2102,'Čajový clipper','Johannes K. Soyener'),(2103,'Řecká válečná loď - Triéra 500 - 322 př. n. l.','Nic Fields'),(2104,'Lexikon náboženských hnutí, sekt a duchovních společností','F. R. Hrabal'),(2105,'Skopičiny mýho života','Karel Šíp'),(2106,'Hrady Čech a Moravy','Vlasta Čechová, Barbora Dudíková Schulmanová, Zdeněk Kukal, Karel Pošmourný'),(2107,'Xantypa','Gerald Messadié'),(2108,'Angolský pochod smrti','Vladimír Kavčiak'),(2109,'Gesto','Jan Laňka'),(2110,'Biblické humoresky aneb Mezi mansiony','Milan Exner'),(2111,'Tichá hrůza','Robert L. Stine'),(2112,'Lexikon snů','Tom Chetwynd'),(2113,'Quo Vadis 1','Hans-Christian Huf'),(2114,'Kouzelná dvířka','Alois Mikulka'),(2115,'Skotsko','Jan Frank'),(2116,'Jezírka krok za krokem','Peter Hagen, Martin Haberer'),(2117,'Queen - Největší ilustrovaná historie králů rocku','Phil Sutcliffe'),(2118,'Jezerní básníci','William Wordsworth, Samuel Taylor Coleridge, Robert Southey'),(2119,'Do kopce i z vršku','Renata Čechová'),(2120,'Big Sur a pomeranče Hieronyma Bosche','Henry Miller'),(2121,'Lexikon kosmetiky od A do Z','Frank Burczyk, Aggi Gianni'),(2122,'Skřipce na ptáčky','Jan Trefulka'),(2123,'Angličtina pro samouky','Ludmila Kollmanová'),(2124,'Hraju si sám - 100 her','Catherine Pauwels'),(2125,'Vánoční filigrány','Angelika Kipp'),(2126,'Ježíš a mýtus o Kristu','Otakar Antoň Funda'),(2127,'Winston: Kocourova tajná mise','Frauke Scheunemann'),(2128,'Hrady, zámky a tvrze Království českého. Díl jedenáctý, Prácheňsko','August Sedláček'),(2129,'Náprava a jiné','John Brunner, Mario Milosevic, Kathleen Ann Goonan, Phillip C. Jennings'),(2130,'Engerlingové','Jaroslav Velinský'),(2131,'Přímá stezka','Květoslav Minařík'),(2132,'Medúza','Jarmila Loukotková'),(2133,'Hrady, zámky a tvrze Jihočeského kraje - Průvodce','Vladimír Brych, Jan Rendek'),(2134,'Úvod do studia mezinárodních vztahů','Josef Smolík'),(2135,'Ježíš','John Wesley Lewis'),(2136,'Inspekce kvality v rezidenčních zařízeních sociálních služeb – etické aspekty','Miloš Sládek'),(2137,'Quiproquo','Lubomír Martínek'),(2138,'Náramky přátelství','Marion Bardehle'),(2139,'Angličtina v obchodní praxi','Fred Bunzl, Jan Marhan'),(2140,'Wing chun kung fu','Leoš Kotlár'),(2141,'Jezdecké potřeby pro každý den','M. Vopičková-Cipprová'),(2142,'Příliš mnoho dobra','Charles Murray'),(2143,'Wolverine - Projekt X','Barry Windsor-Smith'),(2144,'Medová léta','Ivan Kraus'),(2145,'Filosofické zkoumání svobody','Friedrich Schelling'),(2146,'Vánoční ozdoby','Blanka Svobodová, Lucie Ulíková'),(2147,'Inside the European Union','Anna Treger'),(2148,'Medvěd a Drak','Tom Clancy'),(2149,'Zločiny ve jménu cti','Ayse Onal'),(2150,'Kouzelné pastelkování s čertíkem Lojzíkem','Libor Machata'),(2151,'Do důchodu mladý a bohatý','Sharon L. Lechter, Robert T. Kiyosaki'),(2152,'Medovníčkova říkadla','Jan Lebeda'),(2153,'Yagade','John Kirby'),(2154,'Řecko 776 až 338 př.n.l.','Anne-Marie Buttin'),(2155,'Hrady, zámky a tvrze v Čechách, na Moravě a ve Slezsku - Praha a okolí','Autor nezjištěn'),(2156,'Inteligence duše','Artho Stefan Wittemann'),(2157,'Opravdová kuráž','Charles Portis'),(2158,'Biče svědomí','Vratislav Effenberger, Eva Švankmajerová'),(2159,'Příklady a cvičení z informatiky a výpočetní techniky - Zadání','Pavel Navrátil'),(2160,'Quentin Tarantino','Jim Smith'),(2161,'Biggles a potopená loď','William Earl Johns'),(2162,'Endele, bendele, tak i tak, budeme si spolu hrát','Hana Švejdová'),(2163,'Reconnection - uzdravte druhé, uzdravte sebe','Eric Pearl'),(2164,'Witch Tarot','Sanja Burg, Ann Rosner'),(2165,'Inteligentní dům','Miroslav Valeš'),(2166,'Příliš snadná vražda','Andrea Vernerová'),(2167,'Tiché zvonky','Hedwig Courths-Mahler'),(2168,'Filozofie a feminizmus','Zdeňka Kalnická'),(2169,'Úvod do moderní barmštiny','Jan Bečka'),(2170,'Enšpígl','Josef Hiršal, Jiří Kolář'),(2171,'Intelektuálové','Paul Johnson'),(2172,'Řecké divadlo','František Groh'),(2173,'Filosofické základy psychologie morálky','David Krámský'),(2174,'Lexikon','Steve Vander Ark'),(2175,'Nářečí Spálovska','Antonín Ondřej'),(2176,'Příliš slábi ve víře','Zdeněk R. Nešpor'),(2177,'Yellowplushovy paměti a jiné povídky','William Makepeace Thackeray'),(2178,'Úvod do Pesso Boyden System Psychomotor','Albert Pesso, Diane Boyden-Pesso, Petra Vrtbovská'),(2179,'Zlodějíček Bubla','Astrid Lindgren'),(2180,'Inspirace v odstínech šedi','Kolektiv autorů'),(2181,'Zloděj koní','Zane Grey'),(2182,'Xena č. 5','Tom Bierbaum, Mary Bierbaum, Roy Thomas'),(2183,'Cambrai 1917 - \"Pravý hák\", Hindenburgova linie','Jack Horsfall'),(2184,'Skotačení s autíčkem','Rebecca Finn'),(2185,'Windows 2000 Profesionál-ed.Prof.','Michal Osif'),(2186,'Inner Game ro manažery','W. Timothy Gallwey'),(2187,'Vaření s Čirinou','Dana Melanová, Irena Košíková'),(2188,'Yorrân','Jan Dobšenský'),(2189,'Lexikon české literatury 4/I (S-T)','Luboš Merhaut'),(2190,'Lexikon historických míst Čech, Moravy a Slezska','Joachim Bahlcke, Winfried Eberhard, Miloslav Polívka'),(2191,'Vánoční hvězdy','Autor nezjištěn'),(2192,'Opona','Agatha Christie'),(2193,'Skřivánek','Jindřich Šimon Baar'),(2194,'Opilé povídky','Autor nezjištěn'),(2195,'Řecká ruleta','Pavla Smetanová, Yiannis Koreček'),(2196,'Vánoční příběh','Richard Paul Evans'),(2197,'Ti odjinud','Ladislav Sommer'),(2198,'Medové dny','Libuše Svobodová'),(2199,'Leyendas de la Praga vieja','Magdalena Wagnerová'),(2200,'Ježek v zahradě','Monika Neumeier'),(2201,'Kouzelné prázdniny','Jo Pestum'),(2202,'Zločin v tichém domě','Jan Kaštánek'),(2203,'Řečtina','Autor nezjištěn'),(2204,'Dny šílenství','Wolfgang Hohlbein'),(2205,'Zloděj duší','Clive Barker'),(2206,'Jezero bezejmenných','Rudolf Píha'),(2207,'Bída relativismu','Raymond Boudon'),(2208,'GeoParticipace. Jak používat prostorové nástroje v rozhodování o lokalitách, ve kterých žijeme?','Jiří Pánek, Kolektiv autorů'),(2209,'Opolidé a předlidé','Josef Augusta'),(2210,'Y: Poslední z mužů 7: Zvláštní vydání','Brian K. Vaughan, Pia Guerra'),(2211,'Recepty za rozumnou cenu','Věra Petrová'),(2212,'Úvod do školní psychologie','Jana Zapletalová, Stanislav Štech'),(2213,'Xenofobní průvodce - Angličané','David Milsted, Antony Miall'),(2214,'Wolverine: Zrození','Paul Jenkins'),(2215,'Angličtina pro věčné začátečníky','Ludmila Kollmannová'),(2216,'Candida','Helen Gustafson, Maureen O`Shea'),(2217,'Bibliografický slovník Slezska a severní Moravy','Andělín Grobelný'),(2218,'Čaj s příchutí jehličí (trampský cancák)','Kolektiv autorů, Jan Vyčítal'),(2219,'Napoleonské války','Richard Holmes'),(2220,'Dny, které změnily svět','Hywel Williams'),(2221,'Úvod do sociologie','Jan Keller'),(2222,'Kouzelná školička – doplň, najdi rozdíl, přiřaď','Autor nezjištěn'),(2223,'Quodlibet aneb jak se komu co líbí','Ivan Wernisch'),(2224,'Medvídek Pú - Čtyři roční období','Walt Disney'),(2225,'Do Egypta na kole','Miroslav Pavelka'),(2226,'Inspirace pro tvorbu projektu v mateřské a základní škole na téma \"Včelka a příroda\"','Vladimíra Hornáčková'),(2227,'Biggles - průzkumný let','William Earl Johns'),(2228,'DMZ 6: Krvavé volby','Brian Wood, Riccardo Burchielli'),(2229,'Řecko - Lidé starověku: co nám o sobě řekli','Michael Kerrigan'),(2230,'Lexikon východní moudrosti: buddhismus, hinduismus, taoismus, zen','Kolektiv autorů'),(2231,'Hrady, zámky a tvrze Království českého. Díl třináctý, Plzeňsko a Loketsko','August Sedláček'),(2232,'Dny procházejí městem','Autor nezjištěn'),(2233,'Gilgameš','Vojtěch Zamarovský'),(2234,'Lexikon růží','Andrea Rausch'),(2235,'Dnes anděl, zítra čarodějnice','Jason Dark'),(2236,'Tichá hrdost','Danielle Steel'),(2237,'Kouzelné hračky','Klement Bochořák'),(2238,'Lexikon vín','Christina Fischer'),(2239,'Ti, kteří raději kopřivy','Džuničiró Tanizaki'),(2240,'Windows 2000 Server - PPZU','Josef Pecinovský'),(2241,'Řecké báje','Alena Ježková'),(2242,'Kouzelná země hub aneb Pohádkový atlas hub pro děti','Eva Hajdu'),(2243,'Ysabel','Guy Gavriel Kay'),(2244,'Medvěd, který nebyl','Frank Tashlin'),(2245,'Filosofie Henri Bergsona','Kolektiv autorů'),(2246,'Kouzelná třída, příběh pokračuje','Zuzana Pospíšilová, Drahomír Trsťan'),(2247,'Zloděj map','Heather Terrell'),(2248,'Opojení','Catherine Coulter'),(2249,'Germanizovat a vysídlit','Detlef Brandes'),(2250,'Narek proti establishmentu','Miloš Krmášek'),(2251,'Tibet','Vladimír Sís'),(2252,'George Harrison','Alan Clayson'),(2253,'Encyklopedie zbraní a zbroje','Leonid Křížek, Zdirad J. K. Čech'),(2254,'DMT - Molekula Duše','Rick Strassman'),(2255,'Medvěd Tuli','Lenka Rožnovská'),(2256,'Y: Poslední z mužů 1: Jako jeden muž','Brian K. Vaughan, Pia Guerra'),(2257,'Wolffův revír - Ruská ruleta','Horst Friedrichs'),(2258,'Xenogenesis 3: Imago','Octavia E. Butler'),(2259,'Dnem dne','Pavla Vašíčková'),(2260,'Tichá kvarteta','Zbyněk Šiška'),(2261,'Gigant','Ladislav Mňačko'),(2262,'Medvěd Monarcha','Ernest Thompson Seton'),(2263,'Filosofie v tragickém období Řeků','Friedrich Nietzsche'),(2264,'Qi Gong-škola do kapsy','Ronald P. Schweppe, Aljoscha A. Schwarz'),(2265,'Lexikální stopa pojmu rodina','Irena Loudová, Jana Marie Havigerová, Jiří Haviger'),(2266,'Úvod do podnikového hospodářství','Eva Kislingerová, Günther Wöhe'),(2267,'Úvod do pedagogické psychologie','Ladislav Ďurič'),(2268,'Filosofické listy','Petr Jakovlevič Čaadajev'),(2269,'Wittgenstein bije žáka','Pavel Kolmačka'),(2270,'Filosofie vrcholného a pozdního středověku','Theo Kobusch'),(2271,'Filozofická a pedagogická antropologie','Naděžda Pelcová'),(2272,'Jezdíme, plujeme, létáme','Jitka Lněničková'),(2273,'Medvědí pohádky','Hana Doskočilová'),(2274,'Tichá víra v anděly','Roger Jon Ellory'),(2275,'Lexikon bohů a symbolů starých Egypťanů - Průvodce mystickým a magickým světem Egypta','Manfred Lurker'),(2276,'Skoumal (1904-1988) v průsečíku cest české kultury 20. století','Aloys Skoumal'),(2277,'Zlodějská čest','Jeffrey Archer'),(2278,'Biggles a muž, který zmizel','William Earl Johns'),(2279,'Kouzelné české pohádky','Vladimíra Gebhartová'),(2280,'Čajkovskij','Nina Berberovova'),(2281,'Méďové na cestách - Jaro','Václav Chaloupek'),(2282,'Canaris','Michael Mueller'),(2283,'Big beat a aritmetika','Milena Lukešová'),(2284,'Angličtina - Slovní hry B1 pro středně pokročilé','Autor nezjištěn'),(2285,'Zlodějka duší','Kiersten White'),(2286,'Jezdíme na plyn','Mario René Cedrych'),(2287,'Your Space 2 PS','Martyn Hobbs, Julia Starr Keddle'),(2288,'Skotské anekdoty','Kolektiv autorů'),(2289,'Úvod do současné ekologie','Stanislav Mihulka, David Storch'),(2290,'Yakari a bobří hráz','Kateřina Naváková'),(2291,'Biggles a kajícný zloděj','William Earl Johns'),(2292,'Filosofické základy komplexního vědění','Vladimír Solovjov'),(2293,'Biblické inspirace','Raniero Cantalamessa'),(2294,'Recepty z domácí lékárny','Vladimír Doležal'),(2295,'Úvod do makromolekulární chemie','Artur Stoy'),(2296,'Jezernice','Bogdan Trojak'),(2297,'Insolvenční zákon. Insolvenční správci','Autor nezjištěn'),(2298,'Řecké nebe nad námi aneb Antický košík','Martin C. Putna'),(2299,'Angličtina pro samouky','Kolektiv autorů'),(2300,'Biggles','William Earl Johns'),(2301,'Angolská anabáze','Josef Klíma'),(2302,'Enola Gay','Max Morgan-Witts, Gordon Thomas'),(2303,'Hrajeme si s pastelkou 2','Martin Vlach'),(2304,'Integrální humanismus','Jacques Maritain'),(2305,'Biggles a podivná válka','William Earl Johns'),(2306,'Zločiny století','Alan J. Whiticker'),(2307,'Anglie : jih','Manfred Wöbcke'),(2308,'Bič v rukou dominy - Krimi 1/14','Kolektiv autorů'),(2309,'Zlom času','Gilbert Sinoué'),(2310,'Úvod do studia matematiky na VŠCHT','Vlasta Hapalová, Alois Klíč'),(2311,'Opilci, falešní hráči a mlsní žrouti, aneb, Ze života našich předků','Pavel Toufar'),(2312,'Příklady z mikroekonomie','Miloš Nový'),(2313,'Angličtina bleskově 2.','Autor nezjištěn'),(2314,'Řecké dědictví v Orientu','Petr Pokorný'),(2315,'Bibliografie okresu Uherské Hradiště','Jaroslav Vlach'),(2316,'Jezdci purpurových stepí / Ve stínu neviditelné ruky','Zane Grey'),(2317,'Filosofická reflexe několika pojmů školské pedagogiky','Radim Palouš'),(2318,'Medvěd z hor','Warren H. Miller'),(2319,'Tibetská hora bohů - Cesta na Kailás','Franz Binder'),(2320,'Jezdecký klub v ohrožení','Henriette Wich'),(2321,'Řeči o Italii a fašismu','Benito Mussolini'),(2322,'Xenofobní průvodce – Francouzi','Nick Yapp, Michel Syrett'),(2323,'WITCH - Srdce Kondrakaru','Lene Kaaberbøl'),(2324,'Lhář','Martin A. Hansen'),(2325,'Skotačení na zahrádce','Rebecca Finn'),(2326,'Ježimlada Sazička','Lenka Rožnovská'),(2327,'Filosofie mezi mýtem a vědou','Zdeněk Kratochvíl'),(2328,'Cabal - Noční rasa','Clive Barker'),(2329,'Kouzelné rukavice','Jaroslav Žák'),(2330,'Kousek tvé přítomnosti','Lenka Stránská'),(2331,'Angličtina pro samouky a věčné začátečníky + CD MP3','Autor nezjištěn'),(2332,'Qui cherche, trouve','Alena Mrázová'),(2333,'Medovníček detektivem','Jan Lebeda'),(2334,'Jezdectví','Debby Sly'),(2335,'Anglie','Kolektiv autorů'),(2336,'Jezero snů','Lisa Kleypas'),(2337,'Encyklopedie zbraní','David Miller'),(2338,'Angličtina do dlaně','Autor nezjištěn'),(2339,'Tichá srdce','Alena Ježková'),(2340,'Georg Flegel','Hana Seifertová'),(2341,'Dneska vařím já','Jitka Bodláková'),(2342,'Jezdec ranče Spanish Bit','G. F. Unger'),(2343,'Medojedky','Robert Ruark'),(2344,'Opravdová moc je služba','Jorge Mario Bergoglio'),(2345,'Dlouhý, Široký a Bystrozraký','Karel Jaromír Erben'),(2346,'Angličtina pro aktivní seniory','Stephen Douglas, Iva Dostálová'),(2347,'Příležitosti a výzvy v komunikaci církve ve 21. století','Petra Koudelková'),(2348,'Úvod do současné politologie','Blanka Říchová'),(2349,'Jezero plameňáků','Mirko Pašek'),(2350,'Narcisový dům','Roman Ráž'),(2351,'Zloději slonů','Vladimír Šustr'),(2352,'Příliš rychlá láska','M. E. Cooper'),(2353,'Integrace dětí s aspergerovým syndromem a vysokofunkčním autismem do vzdělávacího procesu','Roman Pešek'),(2354,'Germánie','Publius Cornelius Tacitus'),(2355,'Náramky z gumiček','Sandra Lebrun'),(2356,'Dny v roce','Jiří Kolář'),(2357,'Kouzelná světýlka','Blanka Svobodová, Lucie Ulíková'),(2358,'Řecké ostrovy','Lindsay Bennett'),(2359,'Do kondice s mistrem světa ve fitness','Ivan Mach'),(2360,'Lhaní','Danielle Dalloz'),(2361,'Integrativní speciální pedagogika','Marie Vítková'),(2362,'Quartek!','Fabrice Colin'),(2363,'Dny plné něhy','Vicky Adrian'),(2364,'Příliš mnoho svědků','Dorothy Leigh Sayers'),(2365,'Enneagram - v panelových rozhovorech','Jürgen Gündel'),(2366,'Medvědí tanec','Irena Dousková'),(2367,'Innokentij Smoktunovskij','Stanislava Přádná'),(2368,'Medový čas','Jarmila Dědková'),(2369,'Opravdu vstal z mrtvých!','Ioannés Chrysostomos'),(2370,'Biggles a černý slon','William Earl Johns'),(2371,'Řecké pašije. Osud jedné opery','Aleš Březina, Růžena Dostálová'),(2372,'Skoncujeme s nimi! Varšava bude zničena! Tragický příběh povstání 1944','Miloslav Jenšík'),(2373,'Tibetské lidové příběhy','Norbu Čhöphel'),(2374,'Medvídek Knoflík','Ivona Březinová'),(2375,'Jezdecká akademie','Lauren Brooke'),(2376,'Kouzelné tenisky mého kamaráda Percyho','Ulf Stark'),(2377,'Náramky z gumiček a další super ozdoby','Monika Hrabálková'),(2378,'Zloděj z Bagdádu','Konstantin Biebl'),(2379,'Kouzelné umění čínské masáže','Liu Shisen'),(2380,'Médium','Alena Vostrá'),(2381,'Dny a noci','Konstantin Simonov'),(2382,'Medvídek na klíček','John J. Lamb'),(2383,'Optické triky a iluze','Craig Yoe'),(2384,'Řecký slovník na cesty','Pavla Pinková'),(2385,'Opona','Raymond Chandler'),(2386,'Your Space 2 - učebnice','Martyn Hobbs, Julia Starr Keddle'),(2387,'Čaj o páté','Claudia Hunt'),(2388,'Tibet','Marek Kalmus'),(2389,'Skřivánčí písně','Josef Václav Sládek'),(2390,'Xenofobní průvodce - Rusové (Charakteristika, humor, předsudky)','Vladimir Zhelvis'),(2391,'Napsal, vyryl, vytiskl a svázal','Josef Váchal, Marie Rakušanová'),(2392,'Filozofie','Ben Dupré'),(2393,'Optické vlastnosti pevných látek','Jan Soubusta, Antonín Černoch'),(2394,'Gerpla: Hrdinská sága','Halldór Laxness'),(2395,'Quixtar Internetová revoluce','Coy Barefoot'),(2396,'Hrady a zámky v křížkové výšivce','Milena Hampelová'),(2397,'Filozofický slovník','Kolektiv autorů'),(2398,'Kouzelná abeceda','Hanka Jelínková'),(2399,'Caesarovy Římanky','Colleen McCullough'),(2400,'Biggles a modré nebezpečí','William Earl Johns'),(2401,'English is my hobby','Ladislav Dykast'),(2402,'Bicí nástroje','Olaf Stein'),(2403,'Skřetí spár','Michal Špaček'),(2404,'Opožděné vzpomínky','Evelina Merová'),(2405,'Jezevčíci v myslivecké praxi','Oldřich Tripes, Václav Vochozka'),(2406,'Dny, které otřásly Československem','Václav Král'),(2407,'Do cizích rukou','Vlasta Javořická'),(2408,'Kouzelné pohádky','Carlos Busquets'),(2409,'George Clooney životopis','Jeff Hudson'),(2410,'Angličtina - Slovní hry A1 pro začátečníky','Autor nezjištěn'),(2411,'Příliš mnoho náhod','Carol Higgins Clark'),(2412,'Angličtina pro číšníky a kuchaře','Dagmar Lánská, Jaroslava Kutová'),(2413,'Biggles a unesený chlapec','William Earl Johns'),(2414,'Lexikon - Přírodní medicína','Anne Iburg'),(2415,'Energeticky soběstačný dům - realita či fikce?','Karel Srdečný'),(2416,'Optimální dieta','Jan Kwaśniewski'),(2417,'Napsáno v kameni I.','Hana Vanická'),(2418,'Naram','Blanka Šimoníčková'),(2419,'Intelektuální protest nebo masová zábava?','Přemysl Houda'),(2420,'Angola','Jan Klíma'),(2421,'Insolvenční řízení z pohledu dlužníka a věřitele se vzory a judikaturou, 4. vydání','Jolana Maršíková'),(2422,'William, Kate a malý George','Christopher Andersen'),(2423,'Zločiny na vrcholech','Michael Kodas'),(2424,'Skotova zajatkyně','Sabrina Jeffries');
/*!40000 ALTER TABLE `00EF_loadRawData` ENABLE KEYS */;
UNLOCK TABLES;

--
-- Table structure for table `Authors`
--

DROP TABLE IF EXISTS `Authors`;
/*!40101 SET @saved_cs_client     = @@character_set_client */;
/*!40101 SET character_set_client = utf8 */;
CREATE TABLE `Authors` (
  `id` int(11) NOT NULL AUTO_INCREMENT,
  `name` varchar(255) NOT NULL,
  `surname` varchar(255) NOT NULL,
  `birthdate` date NOT NULL,
  `surname_latin2` varchar(100) CHARACTER SET ucs2 DEFAULT NULL,
  PRIMARY KEY (`id`)
) ENGINE=InnoDB AUTO_INCREMENT=37 DEFAULT CHARSET=utf8;
/*!40101 SET character_set_client = @saved_cs_client */;

--
-- Dumping data for table `Authors`
--

LOCK TABLES `Authors` WRITE;
/*!40000 ALTER TABLE `Authors` DISABLE KEYS */;
INSERT INTO `Authors` VALUES (1,'Александр','Пушкин','1789-05-01','Пушкин'),(2,'Лев','Толстой','1780-03-05','Толстой'),(3,'Herbert George','Wells','1866-09-21','Wells'),(4,'Herbert','Wells','1866-09-21','Wells'),(5,'lo','test','1888-01-01','test'),(7,'iuvbikhgiy','iouhbouhouih','1888-01-01','iouhbouhouih'),(8,'uvujhhi','iubikh','1888-01-01','iubikh'),(9,'kk','ll','1888-01-01','ll'),(10,'ouho','uyyo','1888-01-01','uyyo'),(11,'ihnoh','piogujk','1866-09-21','piogujk'),(12,'hiohpolp','uigyy','1800-12-12','uigyy'),(13,'oiuhbo','ouho','1800-12-12','ouho'),(14,'bobvik','jhbobok','1800-12-12','jhbobok'),(15,'ujgihpo','ouhgouhjp;l','1888-01-01','ouhgouhjp;l'),(16,'hoihoho','hohoho','1800-12-12','hohoho'),(17,'iuhgiuojp','ihgouij','1888-01-01','ihgouij'),(18,'','','0000-00-00',''),(19,'','','0000-00-00',''),(20,'','','0000-00-00',''),(21,'','','0000-00-00',''),(22,'','','0000-00-00',''),(23,'juso','shdc','1900-01-01','shdc'),(24,'','','0000-00-00',''),(25,'jhoiho','hoihio','0000-00-00','hoihio'),(26,'gihgigvui','iygbihgb','0000-00-00','iygbihgb'),(27,'bohouihouho','hohool','1900-01-01','hohool'),(28,'hgouhouhgo','hgouhguoh','0000-00-00','hgouhguoh'),(29,'guigiug','igihg','0000-00-00','igihg'),(30,'ugouhoug','iugough','0000-00-00','iugough'),(31,'gigigi','ygig','0000-00-00','ygig'),(32,'iygg','iygiyg','0000-00-00','iygiyg'),(33,'uigb','iubgui','0000-00-00','iubgui'),(34,'Александр','Пушкин','1789-05-01','Пушкин'),(35,'Лев','Толстой','1780-03-05','Толстой'),(36,'houygi','hougoiuh','0000-00-00','hougoiuh');
/*!40000 ALTER TABLE `Authors` ENABLE KEYS */;
UNLOCK TABLES;

--
-- Table structure for table `Books`
--

DROP TABLE IF EXISTS `Books`;
/*!40101 SET @saved_cs_client     = @@character_set_client */;
/*!40101 SET character_set_client = utf8 */;
CREATE TABLE `Books` (
  `id` int(11) NOT NULL AUTO_INCREMENT,
  `name` varchar(255) NOT NULL,
  `pages` int(11) NOT NULL,
  `date` date NOT NULL,
  `category_id` int(11) NOT NULL,
  `publisher_id` int(11) NOT NULL,
  PRIMARY KEY (`id`),
  KEY `category_id` (`category_id`),
  KEY `publisher_id` (`publisher_id`),
  CONSTRAINT `books_ibfk_1` FOREIGN KEY (`category_id`) REFERENCES `Categories` (`id`),
  CONSTRAINT `books_ibfk_2` FOREIGN KEY (`publisher_id`) REFERENCES `Publishers` (`id`)
) ENGINE=InnoDB AUTO_INCREMENT=19 DEFAULT CHARSET=utf8;
/*!40101 SET character_set_client = @saved_cs_client */;

--
-- Dumping data for table `Books`
--

LOCK TABLES `Books` WRITE;
/*!40000 ALTER TABLE `Books` DISABLE KEYS */;
INSERT INTO `Books` VALUES (1,'Война и мир',1000,'1824-11-10',2,1),(2,'Евгений Онегин',300,'1817-04-21',1,2),(3,'Сборник стихов',100,'1850-11-10',1,1),(4,'Безымянная книга',100,'1973-11-10',2,2),(18,'jhidf',323,'1920-03-03',20,18);
/*!40000 ALTER TABLE `Books` ENABLE KEYS */;
UNLOCK TABLES;

--
-- Table structure for table `BooksAuthors`
--

DROP TABLE IF EXISTS `BooksAuthors`;
/*!40101 SET @saved_cs_client     = @@character_set_client */;
/*!40101 SET character_set_client = utf8 */;
CREATE TABLE `BooksAuthors` (
  `book_id` int(11) NOT NULL,
  `author_id` int(11) NOT NULL,
  KEY `author_id` (`author_id`),
  KEY `book_id` (`book_id`),
  CONSTRAINT `booksauthors_ibfk_1` FOREIGN KEY (`author_id`) REFERENCES `Authors` (`id`),
  CONSTRAINT `booksauthors_ibfk_2` FOREIGN KEY (`book_id`) REFERENCES `Books` (`id`)
) ENGINE=InnoDB DEFAULT CHARSET=utf8;
/*!40101 SET character_set_client = @saved_cs_client */;

--
-- Dumping data for table `BooksAuthors`
--

LOCK TABLES `BooksAuthors` WRITE;
/*!40000 ALTER TABLE `BooksAuthors` DISABLE KEYS */;
INSERT INTO `BooksAuthors` VALUES (2,1),(1,2),(3,1),(3,2),(18,23);
/*!40000 ALTER TABLE `BooksAuthors` ENABLE KEYS */;
UNLOCK TABLES;

--
-- Table structure for table `Categories`
--

DROP TABLE IF EXISTS `Categories`;
/*!40101 SET @saved_cs_client     = @@character_set_client */;
/*!40101 SET character_set_client = utf8 */;
CREATE TABLE `Categories` (
  `id` int(11) NOT NULL AUTO_INCREMENT,
  `name` varchar(255) NOT NULL,
  PRIMARY KEY (`id`)
) ENGINE=InnoDB AUTO_INCREMENT=30 DEFAULT CHARSET=utf8;
/*!40101 SET character_set_client = @saved_cs_client */;

--
-- Dumping data for table `Categories`
--

LOCK TABLES `Categories` WRITE;
/*!40000 ALTER TABLE `Categories` DISABLE KEYS */;
INSERT INTO `Categories` VALUES (1,'Поэзия'),(2,'Проза'),(5,'Sciense fiction'),(6,'hura'),(7,'huras'),(8,'pjoughbopjo'),(9,'ujghuiohiy'),(10,'ii'),(11,'rfg'),(12,'ljkhvchjg'),(13,'poiuytg'),(14,'oiuytu'),(18,'ihyufu'),(19,''),(20,'porno'),(21,'oihoi'),(22,'houhgo'),(23,'gog'),(24,'gigiughi'),(25,'gui'),(26,'bouhbgouh'),(27,'Поэзия'),(28,'Проза'),(29,'niouho');
/*!40000 ALTER TABLE `Categories` ENABLE KEYS */;
UNLOCK TABLES;

--
-- Table structure for table `Publishers`
--

DROP TABLE IF EXISTS `Publishers`;
/*!40101 SET @saved_cs_client     = @@character_set_client */;
/*!40101 SET character_set_client = utf8 */;
CREATE TABLE `Publishers` (
  `id` int(11) NOT NULL AUTO_INCREMENT,
  `name` varchar(255) NOT NULL,
  PRIMARY KEY (`id`)
) ENGINE=InnoDB AUTO_INCREMENT=31 DEFAULT CHARSET=utf8;
/*!40101 SET character_set_client = @saved_cs_client */;

--
-- Dumping data for table `Publishers`
--

LOCK TABLES `Publishers` WRITE;
/*!40000 ALTER TABLE `Publishers` DISABLE KEYS */;
INSERT INTO `Publishers` VALUES (1,'PUB XXX'),(2,'PUB ZZZ'),(3,'Heinemann'),(4,'ggggggggg'),(5,'IYBGOUG'),(6,'jhiolpijhn'),(7,'kjguijhjop'),(8,'pp'),(9,'poiuyf6y'),(10,'oijhvbj'),(11,'bgiytfyh'),(12,'kjhgdtyuj'),(13,'jhvchgj'),(14,'jhgcdyhujk'),(16,'giyvu'),(17,''),(18,'dshu'),(19,'ihpiohoihp'),(20,'biygvi'),(21,'jhnoujho'),(22,'ouhou'),(23,'ig'),(24,'giigo'),(25,'gigigi'),(26,'yigyiguio'),(27,'uhbouh'),(28,'PUB XXX'),(29,'PUB ZZZ'),(30,'ijhuyg');
/*!40000 ALTER TABLE `Publishers` ENABLE KEYS */;
UNLOCK TABLES;

--
-- Table structure for table `Users`
--

DROP TABLE IF EXISTS `Users`;
/*!40101 SET @saved_cs_client     = @@character_set_client */;
/*!40101 SET character_set_client = utf8 */;
CREATE TABLE `Users` (
  `id` int(11) NOT NULL AUTO_INCREMENT,
  `name` varchar(255) NOT NULL,
  `surname` varchar(255) NOT NULL,
  `login` varchar(255) NOT NULL,
  `password` char(32) NOT NULL,
  `isAdmin` tinyint(1) NOT NULL,
  PRIMARY KEY (`id`)
) ENGINE=InnoDB AUTO_INCREMENT=10 DEFAULT CHARSET=utf8;
/*!40101 SET character_set_client = @saved_cs_client */;

--
-- Dumping data for table `Users`
--

LOCK TABLES `Users` WRITE;
/*!40000 ALTER TABLE `Users` DISABLE KEYS */;
INSERT INTO `Users` VALUES (1,'Admin','Admin','admin','21232f297a57a5a743894a0e4a801fc3',1),(2,'User','User','user','ee11cbb19052e40b07aac0ca060c23ee',0),(7,'user','user','user@user.cz','ee11cbb19052e40b07aac0ca060c23ee',0),(9,'admin','admin','admin@admin.cz','21232f297a57a5a743894a0e4a801fc3',1);
/*!40000 ALTER TABLE `Users` ENABLE KEYS */;
UNLOCK TABLES;

--
-- Table structure for table `temp_users_table`
--

DROP TABLE IF EXISTS `temp_users_table`;
/*!40101 SET @saved_cs_client     = @@character_set_client */;
/*!40101 SET character_set_client = utf8 */;
CREATE TABLE `temp_users_table` (
  `id` int(10) unsigned NOT NULL AUTO_INCREMENT,
  `hash` varchar(16) NOT NULL,
  `name` varchar(255) DEFAULT NULL,
  `surname` varchar(255) DEFAULT NULL,
  `login` varchar(255) DEFAULT NULL,
  `password` char(64) DEFAULT NULL,
  PRIMARY KEY (`id`)
) ENGINE=InnoDB AUTO_INCREMENT=6 DEFAULT CHARSET=utf8;
/*!40101 SET character_set_client = @saved_cs_client */;

--
-- Dumping data for table `temp_users_table`
--

LOCK TABLES `temp_users_table` WRITE;
/*!40000 ALTER TABLE `temp_users_table` DISABLE KEYS */;
INSERT INTO `temp_users_table` VALUES (3,'224353535543',NULL,NULL,NULL,NULL),(4,'049853923483',NULL,NULL,NULL,NULL),(5,'484935907854',NULL,NULL,NULL,NULL);
/*!40000 ALTER TABLE `temp_users_table` ENABLE KEYS */;
UNLOCK TABLES;


delimiter //
create procedure sp_getAllBooks()
Begin
    Select * from books;
End //
delimiter ;
call sp_getAllBooks;

/*!40103 SET TIME_ZONE=@OLD_TIME_ZONE */;

/*!40101 SET SQL_MODE=@OLD_SQL_MODE */;
/*!40014 SET FOREIGN_KEY_CHECKS=@OLD_FOREIGN_KEY_CHECKS */;
/*!40014 SET UNIQUE_CHECKS=@OLD_UNIQUE_CHECKS */;
/*!40101 SET CHARACTER_SET_CLIENT=@OLD_CHARACTER_SET_CLIENT */;
/*!40101 SET CHARACTER_SET_RESULTS=@OLD_CHARACTER_SET_RESULTS */;
/*!40101 SET COLLATION_CONNECTION=@OLD_COLLATION_CONNECTION */;
/*!40111 SET SQL_NOTES=@OLD_SQL_NOTES */;

-- Dump completed on 2020-04-22 11:59:01
